{"type":"FeatureCollection","features":[{"type":"Feature","geometry":{"type":"Polygon","coordinates":[[[-58.248233,-34.174455],[-58.248182,-34.174618],[-58.24815,-34.174893],[-58.248041,-34.17516],[-58.247981,-34.175179],[-58.247935,-34.175126],[-58.247902,-34.175047],[-58.247807,-34.175042],[-58.24768,-34.17518],[-58.247434,-34.175384],[-58.247204,-34.175492],[-58.246941,-34.175516],[-58.246827,-34.175411],[-58.246729,-34.175338],[-58.246503,-34.175256],[-58.246439,-34.175209],[-58.245117,-34.17504],[-58.243784,-34.174767],[-58.243572,-34.1748],[-58.243419,-34.174917],[-58.243408,-34.175102],[-58.243538,-34.175231],[-58.243633,-34.175337],[-58.243581,-34.175455],[-58.243725,-34.175732],[-58.2437,-34.17608],[-58.243557,-34.176225],[-58.24339,-34.1763],[-58.243345,-34.176395],[-58.243383,-34.176639],[-58.243503,-34.176731],[-58.243736,-34.176913],[-58.243716,-34.177205],[-58.243736,-34.177634],[-58.243791,-34.177753],[-58.243876,-34.178161],[-58.244038,-34.178277],[-58.244175,-34.178574],[-58.244154,-34.178892],[-58.244027,-34.179153],[-58.243991,-34.179492],[-58.243882,-34.17992],[-58.243837,-34.180366],[-58.243764,-34.180765],[-58.2437,-34.181086],[-58.243746,-34.181289],[-58.243782,-34.181339],[-58.243847,-34.181337],[-58.24423,-34.181457],[-58.244319,-34.18152],[-58.244332,-34.181567],[-58.244312,-34.181629],[-58.244382,-34.181775],[-58.244398,-34.182008],[-58.244245,-34.182151],[-58.244186,-34.18218],[-58.244173,-34.182225],[-58.244183,-34.182292],[-58.244142,-34.182372],[-58.244144,-34.182433],[-58.244116,-34.182487],[-58.244063,-34.182542],[-58.243985,-34.182555],[-58.243944,-34.182577],[-58.243838,-34.182751],[-58.243673,-34.182871],[-58.243522,-34.182982],[-58.24346,-34.182984],[-58.243419,-34.182995],[-58.243397,-34.183037],[-58.243429,-34.183079],[-58.243482,-34.183101],[-58.243571,-34.183122],[-58.243628,-34.18316],[-58.243652,-34.183203],[-58.243655,-34.183261],[-58.243607,-34.18331],[-58.243551,-34.183334],[-58.243545,-34.183373],[-58.243563,-34.183564],[-58.243415,-34.183764],[-58.243224,-34.184341],[-58.243217,-34.184495],[-58.243283,-34.184615],[-58.243186,-34.184763],[-58.243126,-34.185057],[-58.243014,-34.185264],[-58.242925,-34.185436],[-58.242921,-34.185668],[-58.242969,-34.185905],[-58.243095,-34.186064],[-58.243266,-34.18612],[-58.243413,-34.186167],[-58.243579,-34.186335],[-58.243735,-34.186397],[-58.243981,-34.186375],[-58.24415,-34.186392],[-58.24422,-34.186471],[-58.244255,-34.186674],[-58.244342,-34.186786],[-58.24442,-34.186994],[-58.24442,-34.18718],[-58.244353,-34.18733],[-58.24438,-34.187491],[-58.244382,-34.18762],[-58.2444,-34.187756],[-58.244495,-34.187822],[-58.244552,-34.187877],[-58.244593,-34.187995],[-58.244925,-34.188139],[-58.245188,-34.188183],[-58.245373,-34.188279],[-58.245548,-34.188508],[-58.245679,-34.188766],[-58.245801,-34.188967],[-58.245874,-34.189031],[-58.246026,-34.189285],[-58.246249,-34.189498],[-58.246335,-34.189579],[-58.246379,-34.189691],[-58.246488,-34.189725],[-58.246638,-34.189699],[-58.246758,-34.189624],[-58.246984,-34.189539],[-58.247209,-34.189513],[-58.247423,-34.189561],[-58.247601,-34.189529],[-58.247705,-34.189474],[-58.247991,-34.189461],[-58.248077,-34.189576],[-58.248358,-34.18973],[-58.248618,-34.189837],[-58.248789,-34.189865],[-58.249056,-34.189894],[-58.249226,-34.189987],[-58.249423,-34.190071],[-58.249514,-34.190075],[-58.249568,-34.190086],[-58.249617,-34.190132],[-58.249745,-34.190288],[-58.250014,-34.190415],[-58.250266,-34.190578],[-58.250359,-34.190638],[-58.25041,-34.190656],[-58.250469,-34.190635],[-58.250545,-34.190643],[-58.250589,-34.190639],[-58.250638,-34.19065],[-58.250668,-34.190687],[-58.250689,-34.190759],[-58.250719,-34.190788],[-58.250849,-34.190835],[-58.25095,-34.190833],[-58.251073,-34.190862],[-58.251178,-34.190916],[-58.251228,-34.190933],[-58.251335,-34.190924],[-58.25184,-34.19095],[-58.252014,-34.190924],[-58.252085,-34.190891],[-58.252139,-34.190863],[-58.25223,-34.190872],[-58.252303,-34.190857],[-58.252394,-34.190826],[-58.252496,-34.190753],[-58.252553,-34.190737],[-58.252591,-34.190765],[-58.252635,-34.190766],[-58.25276,-34.190705],[-58.252902,-34.190665],[-58.253009,-34.190631],[-58.253052,-34.190638],[-58.253116,-34.190735],[-58.253244,-34.190791],[-58.253306,-34.190776],[-58.253482,-34.190649],[-58.253581,-34.190613],[-58.253702,-34.190544],[-58.25387,-34.190473],[-58.253977,-34.190393],[-58.254063,-34.190405],[-58.254112,-34.190425],[-58.254174,-34.190412],[-58.254248,-34.190357],[-58.254317,-34.19036],[-58.254412,-34.190343],[-58.25458,-34.190275],[-58.254681,-34.190222],[-58.254755,-34.190162],[-58.254909,-34.190044],[-58.254942,-34.18999],[-58.254969,-34.189924],[-58.25501,-34.189864],[-58.255162,-34.189813],[-58.255206,-34.189787],[-58.255249,-34.189742],[-58.255285,-34.189645],[-58.255323,-34.189632],[-58.25536,-34.189642],[-58.255412,-34.189641],[-58.25554,-34.189568],[-58.255618,-34.189492],[-58.25562,-34.189407],[-58.255656,-34.189325],[-58.255723,-34.189334],[-58.256041,-34.189507],[-58.256881,-34.190151],[-58.257028,-34.190016],[-58.257105,-34.190074],[-58.257149,-34.190036],[-58.25668,-34.189662],[-58.256544,-34.189798],[-58.256142,-34.189482],[-58.256188,-34.189421],[-58.25627,-34.189385],[-58.256268,-34.189267],[-58.256209,-34.189175],[-58.256284,-34.189074],[-58.256222,-34.188985],[-58.2563,-34.188853],[-58.256339,-34.188772],[-58.256311,-34.188705],[-58.256345,-34.188625],[-58.256581,-34.188313],[-58.256546,-34.188201],[-58.256522,-34.188117],[-58.256557,-34.188062],[-58.256622,-34.188054],[-58.256707,-34.187886],[-58.25677,-34.187764],[-58.256778,-34.187594],[-58.256792,-34.187558],[-58.256959,-34.187447],[-58.257169,-34.187461],[-58.257213,-34.187444],[-58.257182,-34.187269],[-58.257217,-34.187235],[-58.257182,-34.187141],[-58.257286,-34.186998],[-58.257391,-34.186913],[-58.25737,-34.186819],[-58.257333,-34.186746],[-58.257314,-34.18667],[-58.257362,-34.186561],[-58.257361,-34.186444],[-58.257386,-34.186331],[-58.257334,-34.186217],[-58.257381,-34.186144],[-58.257426,-34.186108],[-58.257435,-34.185998],[-58.2575,-34.185809],[-58.257466,-34.185477],[-58.257413,-34.185336],[-58.257312,-34.185266],[-58.257371,-34.185213],[-58.25755,-34.185234],[-58.257677,-34.185385],[-58.257752,-34.185395],[-58.257938,-34.185543],[-58.258042,-34.185631],[-58.258062,-34.185784],[-58.258155,-34.185859],[-58.258268,-34.185894],[-58.258372,-34.185958],[-58.258461,-34.185875],[-58.258501,-34.185748],[-58.258426,-34.185601],[-58.258464,-34.185518],[-58.258496,-34.185398],[-58.258532,-34.185334],[-58.258485,-34.185289],[-58.258463,-34.185202],[-58.258468,-34.185128],[-58.258469,-34.18488],[-58.258494,-34.184761],[-58.258431,-34.18462],[-58.258434,-34.184531],[-58.258356,-34.184473],[-58.258191,-34.184492],[-58.258175,-34.184545],[-58.258075,-34.184563],[-58.258014,-34.184552],[-58.257707,-34.184786],[-58.257632,-34.184809],[-58.257579,-34.184766],[-58.257519,-34.1847],[-58.257525,-34.184654],[-58.257634,-34.184468],[-58.257788,-34.184303],[-58.257922,-34.184169],[-58.258002,-34.184089],[-58.258075,-34.184055],[-58.258162,-34.183981],[-58.258177,-34.183918],[-58.258265,-34.183831],[-58.258327,-34.183808],[-58.25838,-34.183836],[-58.258602,-34.183811],[-58.258709,-34.183799],[-58.258833,-34.1838],[-58.258893,-34.183735],[-58.258993,-34.183701],[-58.258991,-34.183612],[-58.259015,-34.183505],[-58.25901,-34.183388],[-58.258959,-34.183253],[-58.258875,-34.183133],[-58.258879,-34.182948],[-58.258814,-34.182807],[-58.258813,-34.182658],[-58.258806,-34.182458],[-58.258809,-34.182244],[-58.258717,-34.181921],[-58.258671,-34.181535],[-58.258612,-34.181466],[-58.258392,-34.181311],[-58.257839,-34.181005],[-58.257653,-34.180834],[-58.257523,-34.180657],[-58.257459,-34.180483],[-58.257322,-34.180327],[-58.257203,-34.180182],[-58.257059,-34.180034],[-58.256907,-34.179954],[-58.256706,-34.179921],[-58.256413,-34.17987],[-58.256382,-34.179821],[-58.25633,-34.179684],[-58.25631,-34.179474],[-58.256228,-34.179414],[-58.256143,-34.179422],[-58.256116,-34.17953],[-58.256051,-34.179706],[-58.255938,-34.179803],[-58.255819,-34.17984],[-58.255529,-34.179815],[-58.255437,-34.179811],[-58.255362,-34.179905],[-58.255295,-34.180012],[-58.255162,-34.180043],[-58.255045,-34.180008],[-58.254828,-34.179856],[-58.254686,-34.179815],[-58.25445,-34.17974],[-58.254267,-34.179613],[-58.254172,-34.179501],[-58.254116,-34.179434],[-58.253974,-34.179361],[-58.25389,-34.179279],[-58.253822,-34.179102],[-58.25377,-34.179005],[-58.253689,-34.178916],[-58.253658,-34.178787],[-58.253629,-34.178685],[-58.253495,-34.178591],[-58.253462,-34.178468],[-58.253518,-34.178311],[-58.253509,-34.178247],[-58.253456,-34.178063],[-58.253495,-34.177874],[-58.25349,-34.177695],[-58.25352,-34.177503],[-58.253623,-34.177297],[-58.253789,-34.177177],[-58.253967,-34.177073],[-58.254017,-34.176984],[-58.25397,-34.176841],[-58.253987,-34.176765],[-58.254103,-34.176735],[-58.254357,-34.176745],[-58.254504,-34.176737],[-58.254695,-34.176644],[-58.254834,-34.176577],[-58.254922,-34.1765],[-58.254988,-34.1764],[-58.254999,-34.176318],[-58.25494,-34.176235],[-58.254745,-34.176114],[-58.25382,-34.175362],[-58.253319,-34.175337],[-58.253004,-34.175309],[-58.252745,-34.175359],[-58.252406,-34.175432],[-58.252097,-34.175463],[-58.251793,-34.175578],[-58.251441,-34.175591],[-58.251278,-34.175574],[-58.251185,-34.175509],[-58.251187,-34.175391],[-58.251203,-34.175266],[-58.251237,-34.17507],[-58.251161,-34.174997],[-58.251015,-34.174959],[-58.25086,-34.174982],[-58.250786,-34.17502],[-58.250715,-34.174978],[-58.250648,-34.174825],[-58.250503,-34.174759],[-58.250233,-34.174701],[-58.250118,-34.174628],[-58.250038,-34.174552],[-58.249838,-34.174485],[-58.24967,-34.174475],[-58.249488,-34.174523],[-58.249409,-34.174575],[-58.249362,-34.174557],[-58.249303,-34.174454],[-58.249249,-34.174415],[-58.249029,-34.174455],[-58.24874,-34.174473],[-58.248542,-34.174455],[-58.24838,-34.174396],[-58.248303,-34.174398],[-58.248233,-34.174455]]]},"properties":{"Código":6441060,"Nombre":"Martín García","Código de provincia":6,"Nombre de provincia":"Buenos Aires","Código de departamento":6441,"Nombre de departamento":"La Plata","Superficie en km2":1.9237860169458,"Latitud del centroide":-34.18283,"Longitud del centroide":-58.250395}},{"type":"Feature","geometry":{"type":"Polygon","coordinates":[[[-58.211005,-34.95163],[-58.205634,-34.94692],[-58.209922,-34.943404],[-58.198963,-34.933881],[-58.196094,-34.931385],[-58.193329,-34.92898],[-58.193083,-34.928765],[-58.186939,-34.92342],[-58.186296,-34.922861],[-58.183722,-34.920632],[-58.176683,-34.914503],[-58.175758,-34.91365],[-58.174766,-34.912833],[-58.173015,-34.911322],[-58.17179,-34.910239],[-58.170941,-34.909621],[-58.169455,-34.908322],[-58.167711,-34.906778],[-58.16687,-34.906034],[-58.166698,-34.90589],[-58.16561,-34.90495],[-58.165044,-34.904462],[-58.16413,-34.903664],[-58.162441,-34.902188],[-58.161754,-34.902804],[-58.158076,-34.906468],[-58.15493,-34.909505],[-58.153073,-34.911327],[-58.1529,-34.911502],[-58.152066,-34.912317],[-58.14854,-34.915766],[-58.14573,-34.918532],[-58.144793,-34.919453],[-58.144399,-34.919841],[-58.143948,-34.920285],[-58.14133,-34.922664],[-58.139715,-34.924106],[-58.138897,-34.924841],[-58.138078,-34.925501],[-58.137629,-34.925835],[-58.137142,-34.926142],[-58.13249,-34.929129],[-58.129041,-34.93117],[-58.12458,-34.93381],[-58.123388,-34.934515],[-58.120457,-34.936289],[-58.125534,-34.940702],[-58.128639,-34.943399],[-58.132254,-34.946539],[-58.135499,-34.949393],[-58.161208,-34.971738],[-58.161298,-34.971822],[-58.161369,-34.971873],[-58.161461,-34.971963],[-58.161562,-34.972017],[-58.170445,-34.979946],[-58.174242,-34.983357],[-58.175606,-34.984556],[-58.175708,-34.984647],[-58.176677,-34.985497],[-58.184163,-34.992177],[-58.184242,-34.992238],[-58.184391,-34.992372],[-58.189659,-34.997105],[-58.19164,-34.998885],[-58.195842,-35.00263],[-58.195907,-35.002701],[-58.215151,-35.019846],[-58.221205,-35.025257],[-58.221329,-35.025396],[-58.221505,-35.025565],[-58.222,-35.026005],[-58.22211,-35.026103],[-58.222452,-35.026409],[-58.22513,-35.028806],[-58.227067,-35.030539],[-58.246867,-35.048245],[-58.247409,-35.047863],[-58.25011,-35.045829],[-58.251413,-35.044843],[-58.254026,-35.042867],[-58.264152,-35.035389],[-58.264202,-35.035276],[-58.264242,-35.035221],[-58.265604,-35.034236],[-58.288567,-35.016983],[-58.282545,-35.0129],[-58.277495,-35.009539],[-58.269605,-35.001513],[-58.256015,-34.992584],[-58.24687,-34.986891],[-58.247836,-34.983887],[-58.247563,-34.983656],[-58.246732,-34.982961],[-58.244095,-34.980617],[-58.241926,-34.978718],[-58.235914,-34.973451],[-58.235298,-34.972911],[-58.211005,-34.95163]]]},"properties":{"Código":99899832,"Nombre":"El Peligro","Código de provincia":6,"Nombre de provincia":"Buenos Aires","Código de departamento":6441,"Nombre de departamento":"La Plata","Superficie en km2":85.813059384649,"Latitud del centroide":-34.97567,"Longitud del centroide":-58.203449}},{"type":"Feature","geometry":{"type":"Polygon","coordinates":[[[-58.112479,-34.929295],[-58.112515,-34.929327],[-58.116144,-34.932508],[-58.120457,-34.936289],[-58.123388,-34.934515],[-58.12458,-34.93381],[-58.129041,-34.93117],[-58.13249,-34.929129],[-58.137142,-34.926142],[-58.137629,-34.925835],[-58.138078,-34.925501],[-58.138897,-34.924841],[-58.139715,-34.924106],[-58.14133,-34.922664],[-58.143948,-34.920285],[-58.144399,-34.919841],[-58.144793,-34.919453],[-58.14573,-34.918532],[-58.14854,-34.915766],[-58.152066,-34.912317],[-58.1529,-34.911502],[-58.153073,-34.911327],[-58.15493,-34.909505],[-58.158076,-34.906468],[-58.161754,-34.902804],[-58.162441,-34.902188],[-58.158649,-34.898973],[-58.15757,-34.897975],[-58.157177,-34.897604],[-58.156305,-34.896814],[-58.152788,-34.893753],[-58.151289,-34.892432],[-58.149757,-34.891081],[-58.148215,-34.889722],[-58.14777,-34.889363],[-58.146627,-34.888332],[-58.147795,-34.887489],[-58.144255,-34.884481],[-58.144113,-34.884366],[-58.144069,-34.884331],[-58.142675,-34.883192],[-58.141745,-34.882434],[-58.141506,-34.882237],[-58.13881,-34.880027],[-58.130318,-34.873064],[-58.127925,-34.871015],[-58.127863,-34.870992],[-58.127758,-34.870953],[-58.122652,-34.866816],[-58.12099,-34.86547],[-58.119947,-34.86462],[-58.116216,-34.867414],[-58.116981,-34.868054],[-58.118559,-34.869392],[-58.11728,-34.870421],[-58.116166,-34.871286],[-58.114476,-34.872618],[-58.112822,-34.873921],[-58.111939,-34.874618],[-58.111145,-34.875245],[-58.110292,-34.875918],[-58.109431,-34.876596],[-58.108607,-34.877246],[-58.107734,-34.877934],[-58.109072,-34.879067],[-58.107729,-34.879999],[-58.106785,-34.880645],[-58.105871,-34.881289],[-58.10493,-34.881942],[-58.104048,-34.882538],[-58.103114,-34.883202],[-58.102471,-34.883656],[-58.101614,-34.884243],[-58.101585,-34.884267],[-58.102665,-34.885186],[-58.102916,-34.885399],[-58.104205,-34.886513],[-58.105455,-34.887572],[-58.106698,-34.888652],[-58.107942,-34.889738],[-58.109424,-34.890993],[-58.110851,-34.892254],[-58.107597,-34.893003],[-58.107345,-34.893062],[-58.10427,-34.893765],[-58.104059,-34.893816],[-58.099721,-34.894882],[-58.098609,-34.895146],[-58.094449,-34.896133],[-58.094408,-34.896143],[-58.094445,-34.896247],[-58.094445,-34.896343],[-58.094413,-34.896431],[-58.094423,-34.896634],[-58.094488,-34.896836],[-58.094627,-34.897082],[-58.094778,-34.89732],[-58.094971,-34.897505],[-58.095174,-34.897602],[-58.095346,-34.897716],[-58.095432,-34.897839],[-58.095496,-34.898024],[-58.09555,-34.898235],[-58.095625,-34.898438],[-58.095722,-34.898543],[-58.095797,-34.898719],[-58.095861,-34.899001],[-58.095936,-34.899124],[-58.095872,-34.899221],[-58.095893,-34.899335],[-58.095872,-34.89945],[-58.095872,-34.89952],[-58.095915,-34.899617],[-58.095947,-34.899749],[-58.09599,-34.899854],[-58.096151,-34.899907],[-58.096226,-34.900074],[-58.09628,-34.900206],[-58.096344,-34.900479],[-58.09644,-34.900646],[-58.096601,-34.900708],[-58.096805,-34.900787],[-58.096923,-34.900998],[-58.096859,-34.901218],[-58.096742,-34.901398],[-58.096762,-34.901517],[-58.096954,-34.901696],[-58.097019,-34.901863],[-58.097094,-34.901951],[-58.097083,-34.902118],[-58.097008,-34.902259],[-58.096911,-34.902303],[-58.096793,-34.902382],[-58.096675,-34.902435],[-58.096557,-34.902505],[-58.096493,-34.902593],[-58.096407,-34.902699],[-58.096343,-34.902848],[-58.096375,-34.902954],[-58.09645,-34.903007],[-58.096471,-34.903112],[-58.096557,-34.903218],[-58.096664,-34.903385],[-58.096718,-34.9035],[-58.09689,-34.903675],[-58.097222,-34.903869],[-58.097394,-34.904027],[-58.097566,-34.904151],[-58.097662,-34.904195],[-58.097769,-34.904291],[-58.097877,-34.904388],[-58.097973,-34.904503],[-58.098059,-34.904599],[-58.098134,-34.904714],[-58.098134,-34.904837],[-58.098113,-34.905083],[-58.098134,-34.905312],[-58.098145,-34.905611],[-58.098113,-34.905814],[-58.097995,-34.905972],[-58.097887,-34.906148],[-58.097812,-34.906297],[-58.097737,-34.90643],[-58.097737,-34.906491],[-58.097759,-34.906649],[-58.097855,-34.906826],[-58.09793,-34.906993],[-58.097952,-34.907151],[-58.097941,-34.907274],[-58.09792,-34.907468],[-58.097898,-34.907653],[-58.097855,-34.907855],[-58.097823,-34.908048],[-58.097823,-34.908172],[-58.097823,-34.908348],[-58.09792,-34.908488],[-58.098038,-34.908576],[-58.098188,-34.908629],[-58.098413,-34.908638],[-58.098649,-34.9087],[-58.09881,-34.908752],[-58.09896,-34.90884],[-58.099068,-34.908946],[-58.099196,-34.909034],[-58.0994,-34.90921],[-58.09954,-34.909368],[-58.099593,-34.909483],[-58.099701,-34.909632],[-58.099765,-34.909703],[-58.099894,-34.909755],[-58.100087,-34.909808],[-58.100205,-34.909808],[-58.100344,-34.909782],[-58.100559,-34.909694],[-58.100795,-34.909606],[-58.101031,-34.909509],[-58.101299,-34.909412],[-58.10161,-34.909315],[-58.101718,-34.909289],[-58.101911,-34.909324],[-58.102093,-34.909333],[-58.102286,-34.909377],[-58.102533,-34.909456],[-58.102555,-34.909623],[-58.102533,-34.909817],[-58.102512,-34.910081],[-58.102555,-34.910406],[-58.102544,-34.910512],[-58.10263,-34.910653],[-58.102748,-34.910767],[-58.102847,-34.910952],[-58.102876,-34.911181],[-58.102898,-34.911357],[-58.102887,-34.911515],[-58.102952,-34.91162],[-58.102941,-34.911814],[-58.102887,-34.911972],[-58.102898,-34.912096],[-58.103016,-34.912192],[-58.103209,-34.912307],[-58.103434,-34.912447],[-58.103531,-34.912518],[-58.10366,-34.912641],[-58.103756,-34.912764],[-58.103864,-34.912905],[-58.103906,-34.913028],[-58.10396,-34.913134],[-58.1041,-34.913231],[-58.104293,-34.913274],[-58.104518,-34.913362],[-58.104679,-34.913389],[-58.104893,-34.913319],[-58.105065,-34.91331],[-58.105226,-34.913336],[-58.105408,-34.913442],[-58.105591,-34.913512],[-58.105677,-34.913626],[-58.105698,-34.913767],[-58.105763,-34.913899],[-58.105891,-34.913996],[-58.106009,-34.914057],[-58.106127,-34.914146],[-58.106159,-34.914278],[-58.10617,-34.914366],[-58.106202,-34.914453],[-58.106278,-34.914603],[-58.106417,-34.914682],[-58.106556,-34.914761],[-58.106707,-34.914805],[-58.106803,-34.914884],[-58.106878,-34.914946],[-58.106957,-34.915064],[-58.107,-34.915293],[-58.107075,-34.915451],[-58.107169,-34.915622],[-58.107279,-34.915759],[-58.107341,-34.915947],[-58.107548,-34.916155],[-58.10773,-34.916287],[-58.107805,-34.916472],[-58.107891,-34.916621],[-58.108041,-34.916833],[-58.108167,-34.91695],[-58.108241,-34.917008],[-58.108524,-34.91729],[-58.10891,-34.918038],[-58.109682,-34.918944],[-58.109726,-34.919076],[-58.109715,-34.91963],[-58.109833,-34.919929],[-58.10989,-34.920325],[-58.109948,-34.920724],[-58.109994,-34.921038],[-58.110109,-34.921278],[-58.110314,-34.921441],[-58.110498,-34.921588],[-58.11068,-34.921733],[-58.110774,-34.921868],[-58.110849,-34.922185],[-58.110935,-34.922554],[-58.110854,-34.922848],[-58.110774,-34.923135],[-58.110874,-34.923448],[-58.110981,-34.923782],[-58.111157,-34.923978],[-58.111345,-34.924187],[-58.111528,-34.924504],[-58.111517,-34.925638],[-58.111742,-34.926228],[-58.111828,-34.926993],[-58.111916,-34.927313],[-58.112011,-34.927662],[-58.112246,-34.928166],[-58.112429,-34.928559],[-58.112504,-34.928867],[-58.112479,-34.929295]]]},"properties":{"Código":99899831,"Nombre":"Arturo Seguí","Código de provincia":6,"Nombre de provincia":"Buenos Aires","Código de departamento":6441,"Nombre de departamento":"La Plata","Superficie en km2":25.638035118047,"Latitud del centroide":-34.901358,"Longitud del centroide":-58.126448}},{"type":"Feature","geometry":{"type":"Polygon","coordinates":[[[-58.100251,-34.883099],[-58.100909,-34.883683],[-58.101585,-34.884267],[-58.101614,-34.884243],[-58.102471,-34.883656],[-58.103114,-34.883202],[-58.104048,-34.882538],[-58.10493,-34.881942],[-58.105871,-34.881289],[-58.106785,-34.880645],[-58.107729,-34.879999],[-58.109072,-34.879067],[-58.107734,-34.877934],[-58.108607,-34.877246],[-58.109431,-34.876596],[-58.110292,-34.875918],[-58.111145,-34.875245],[-58.111939,-34.874618],[-58.112822,-34.873921],[-58.114476,-34.872618],[-58.116166,-34.871286],[-58.11728,-34.870421],[-58.118559,-34.869392],[-58.116981,-34.868054],[-58.116216,-34.867414],[-58.119947,-34.86462],[-58.117542,-34.862683],[-58.116137,-34.861537],[-58.112487,-34.858507],[-58.111642,-34.857801],[-58.10978,-34.856293],[-58.099213,-34.847732],[-58.099066,-34.847597],[-58.096893,-34.845816],[-58.096465,-34.845476],[-58.09642,-34.84544],[-58.0962,-34.845254],[-58.094256,-34.843658],[-58.09213,-34.841913],[-58.09045,-34.840519],[-58.09009,-34.840192],[-58.090032,-34.840119],[-58.088529,-34.838898],[-58.084171,-34.835035],[-58.033303,-34.857147],[-58.041024,-34.855858],[-58.045691,-34.855054],[-58.049018,-34.854527],[-58.055143,-34.853498],[-58.056247,-34.853312],[-58.057427,-34.85359],[-58.057917,-34.853866],[-58.05888,-34.854327],[-58.059825,-34.854998],[-58.060083,-34.855227],[-58.060297,-34.855615],[-58.060469,-34.85602],[-58.060879,-34.856281],[-58.061351,-34.856862],[-58.061802,-34.857126],[-58.062423,-34.857271],[-58.062809,-34.857341],[-58.063109,-34.85735],[-58.063571,-34.857323],[-58.06415,-34.857147],[-58.065041,-34.856971],[-58.065448,-34.856945],[-58.065738,-34.856971],[-58.066081,-34.856998],[-58.066349,-34.857121],[-58.066875,-34.857306],[-58.067819,-34.857702],[-58.068377,-34.857975],[-58.068667,-34.858081],[-58.069096,-34.858063],[-58.069332,-34.858001],[-58.069568,-34.857905],[-58.069911,-34.857684],[-58.070169,-34.857526],[-58.070416,-34.857447],[-58.070662,-34.85742],[-58.070795,-34.857433],[-58.070974,-34.857505],[-58.071257,-34.857766],[-58.071086,-34.857892],[-58.070991,-34.857954],[-58.070797,-34.858081],[-58.069457,-34.858846],[-58.068741,-34.859229],[-58.067587,-34.85982],[-58.065676,-34.860847],[-58.065454,-34.86096],[-58.065299,-34.861032],[-58.064914,-34.86121],[-58.064489,-34.861371],[-58.0643,-34.861429],[-58.064113,-34.861488],[-58.063749,-34.861574],[-58.063746,-34.861575],[-58.063566,-34.861609],[-58.063384,-34.861638],[-58.063041,-34.86168],[-58.062998,-34.861685],[-58.062605,-34.861716],[-58.060061,-34.861825],[-58.059832,-34.861834],[-58.060035,-34.862439],[-58.060139,-34.862759],[-58.060486,-34.863745],[-58.060822,-34.864744],[-58.061436,-34.86652],[-58.06185,-34.867766],[-58.062193,-34.868763],[-58.062644,-34.870052],[-58.062857,-34.870686],[-58.063192,-34.871663],[-58.06362,-34.872924],[-58.063982,-34.873914],[-58.065145,-34.873643],[-58.066375,-34.873353],[-58.067596,-34.873069],[-58.068839,-34.872771],[-58.070012,-34.87249],[-58.083975,-34.869126],[-58.084656,-34.86967],[-58.085749,-34.870665],[-58.086865,-34.871625],[-58.087868,-34.872464],[-58.088596,-34.873072],[-58.089371,-34.873741],[-58.089476,-34.873839],[-58.089497,-34.873859],[-58.090343,-34.8746],[-58.090668,-34.874878],[-58.090869,-34.87505],[-58.091939,-34.875968],[-58.0924,-34.876363],[-58.092915,-34.876804],[-58.093601,-34.877392],[-58.094346,-34.878031],[-58.09509,-34.878669],[-58.09571,-34.8792],[-58.096356,-34.879737],[-58.097617,-34.880842],[-58.098892,-34.881943],[-58.100251,-34.883099]]]},"properties":{"Código":99899830,"Nombre":"Villa Elisa","Código de provincia":6,"Nombre de provincia":"Buenos Aires","Código de departamento":6441,"Nombre de departamento":"La Plata","Superficie en km2":17.675380520274,"Latitud del centroide":-34.85887,"Longitud del centroide":-58.085511}},{"type":"Feature","geometry":{"type":"Polygon","coordinates":[[[-58.145249,-35.081681],[-58.145288,-35.081646],[-58.145587,-35.081419],[-58.145711,-35.081325],[-58.147284,-35.080095],[-58.149723,-35.078217],[-58.152319,-35.076204],[-58.153778,-35.075074],[-58.154957,-35.074191],[-58.156044,-35.073377],[-58.157099,-35.072573],[-58.158211,-35.071719],[-58.160945,-35.06962],[-58.161075,-35.069522],[-58.161933,-35.068871],[-58.162601,-35.068365],[-58.162684,-35.068307],[-58.163843,-35.067416],[-58.164656,-35.066805],[-58.164966,-35.066574],[-58.165146,-35.066433],[-58.165366,-35.066255],[-58.165861,-35.065876],[-58.16684,-35.06513],[-58.167898,-35.064309],[-58.17628,-35.057914],[-58.176498,-35.057738],[-58.178236,-35.056395],[-58.174718,-35.053136],[-58.174613,-35.053042],[-58.164865,-35.044356],[-58.164734,-35.044209],[-58.164539,-35.044019],[-58.164267,-35.043963],[-58.16414,-35.043781],[-58.162091,-35.041966],[-58.154569,-35.035184],[-58.154371,-35.035005],[-58.151268,-35.032192],[-58.150893,-35.0319],[-58.150149,-35.031216],[-58.145367,-35.026922],[-58.143629,-35.025364],[-58.142126,-35.024015],[-58.140604,-35.02265],[-58.137537,-35.019899],[-58.136085,-35.018597],[-58.136043,-35.018559],[-58.134889,-35.01752],[-58.133654,-35.01641],[-58.133331,-35.016119],[-58.133013,-35.015833],[-58.13216,-35.015066],[-58.1313,-35.014292],[-58.130462,-35.013539],[-58.130086,-35.0132],[-58.129182,-35.012372],[-58.126521,-35.009934],[-58.12558,-35.009071],[-58.120535,-35.004525],[-58.120451,-35.00445],[-58.126764,-34.999472],[-58.158966,-34.974263],[-58.159705,-34.973684],[-58.160085,-34.973361],[-58.160251,-34.97321],[-58.160578,-34.972878],[-58.160935,-34.972422],[-58.161031,-34.972285],[-58.161159,-34.972059],[-58.161298,-34.971822],[-58.161208,-34.971738],[-58.135499,-34.949393],[-58.132254,-34.946539],[-58.128639,-34.943399],[-58.125534,-34.940702],[-58.120457,-34.936289],[-58.117599,-34.938126],[-58.117501,-34.938188],[-58.113334,-34.940827],[-58.111324,-34.942112],[-58.111103,-34.942253],[-58.109803,-34.943078],[-58.108969,-34.943607],[-58.107599,-34.944477],[-58.105971,-34.945497],[-58.104992,-34.946119],[-58.102346,-34.947828],[-58.100942,-34.948712],[-58.097763,-34.950713],[-58.095632,-34.952069],[-58.093922,-34.953158],[-58.092388,-34.954133],[-58.088908,-34.956345],[-58.084682,-34.959035],[-58.084579,-34.959101],[-58.084058,-34.959433],[-58.083937,-34.95951],[-58.083155,-34.960009],[-58.083063,-34.960067],[-58.082966,-34.960129],[-58.082401,-34.960488],[-58.081893,-34.960811],[-58.081199,-34.96126],[-58.079581,-34.962307],[-58.077726,-34.963489],[-58.077442,-34.96367],[-58.077269,-34.96378],[-58.07521,-34.965116],[-58.074403,-34.965704],[-58.073465,-34.966389],[-58.071211,-34.968028],[-58.071002,-34.96818],[-58.069026,-34.969693],[-58.06786,-34.970586],[-58.066001,-34.97197],[-58.064374,-34.973181],[-58.06258,-34.974486],[-58.059174,-34.977021],[-58.058552,-34.977509],[-58.056905,-34.978802],[-58.055834,-34.979633],[-58.053413,-34.981446],[-58.053267,-34.981555],[-58.049022,-34.984715],[-58.050313,-34.985898],[-58.050668,-34.986226],[-58.052014,-34.987469],[-58.053006,-34.988385],[-58.055083,-34.990273],[-58.056121,-34.991237],[-58.057153,-34.992184],[-58.058182,-34.993085],[-58.061244,-34.995897],[-58.066638,-35.000832],[-58.066771,-35.000927],[-58.069322,-35.00325],[-58.071956,-35.005651],[-58.074627,-35.008015],[-58.076369,-35.009644],[-58.077195,-35.010447],[-58.079864,-35.012834],[-58.082506,-35.015224],[-58.085153,-35.017625],[-58.087787,-35.02001],[-58.09042,-35.022418],[-58.09126,-35.023218],[-58.092097,-35.024014],[-58.092696,-35.024584],[-58.093146,-35.024924],[-58.093304,-35.02499],[-58.093358,-35.025187],[-58.093184,-35.025781],[-58.092975,-35.028514],[-58.092909,-35.029473],[-58.092835,-35.030507],[-58.092813,-35.030964],[-58.092805,-35.031266],[-58.09279,-35.031563],[-58.092763,-35.03217],[-58.092677,-35.033462],[-58.092621,-35.034675],[-58.092576,-35.035553],[-58.094162,-35.037007],[-58.108451,-35.05017],[-58.11158,-35.053034],[-58.123739,-35.064257],[-58.12433,-35.064827],[-58.124801,-35.065227],[-58.125286,-35.065563],[-58.129168,-35.067962],[-58.130039,-35.068547],[-58.130662,-35.068981],[-58.131118,-35.069303],[-58.131603,-35.069685],[-58.132095,-35.070085],[-58.132643,-35.070551],[-58.142587,-35.079175],[-58.142807,-35.079359],[-58.143112,-35.079605],[-58.1432,-35.079669],[-58.143379,-35.079801],[-58.143849,-35.080179],[-58.144212,-35.080487],[-58.144486,-35.080729],[-58.144961,-35.081191],[-58.144993,-35.081246],[-58.145017,-35.081296],[-58.145067,-35.08141],[-58.145126,-35.081523],[-58.145186,-35.08161],[-58.145249,-35.081681]]]},"properties":{"Código":99899829,"Nombre":"Abasto","Código de provincia":6,"Nombre de provincia":"Buenos Aires","Código de departamento":6441,"Nombre de departamento":"La Plata","Superficie en km2":82.218195740377,"Latitud del centroide":-35.004917,"Longitud del centroide":-58.116155}},{"type":"Feature","geometry":{"type":"Polygon","coordinates":[[[-58.046353,-34.972974],[-58.046887,-34.972577],[-58.046978,-34.972507],[-58.047505,-34.972079],[-58.049569,-34.973969],[-58.048953,-34.974407],[-58.048817,-34.97451],[-58.048416,-34.974815],[-58.047856,-34.97524],[-58.047309,-34.975656],[-58.046744,-34.976082],[-58.046175,-34.976507],[-58.045222,-34.977206],[-58.045055,-34.977327],[-58.044498,-34.977733],[-58.043922,-34.978152],[-58.042732,-34.979017],[-58.04379,-34.979974],[-58.049022,-34.984715],[-58.053267,-34.981555],[-58.053413,-34.981446],[-58.055834,-34.979633],[-58.056905,-34.978802],[-58.058552,-34.977509],[-58.059174,-34.977021],[-58.06258,-34.974486],[-58.064374,-34.973181],[-58.066001,-34.97197],[-58.06786,-34.970586],[-58.069026,-34.969693],[-58.071002,-34.96818],[-58.071211,-34.968028],[-58.073465,-34.966389],[-58.074403,-34.965704],[-58.07521,-34.965116],[-58.077269,-34.96378],[-58.067807,-34.955372],[-58.063645,-34.951752],[-58.066326,-34.949605],[-58.073513,-34.943985],[-58.075782,-34.942207],[-58.078614,-34.939996],[-58.082183,-34.937205],[-58.085918,-34.934303],[-58.08719,-34.933289],[-58.089605,-34.931354],[-58.085809,-34.928152],[-58.084625,-34.927153],[-58.081387,-34.924421],[-58.080886,-34.923998],[-58.080688,-34.923832],[-58.080622,-34.923776],[-58.080601,-34.923758],[-58.080523,-34.923686],[-58.08046,-34.923613],[-58.08041,-34.923538],[-58.080367,-34.923467],[-58.080268,-34.923274],[-58.080011,-34.922816],[-58.079778,-34.922311],[-58.078147,-34.922706],[-58.074851,-34.923475],[-58.069627,-34.924688],[-58.066314,-34.925491],[-58.066181,-34.925524],[-58.063002,-34.926294],[-58.062646,-34.926379],[-58.060739,-34.926851],[-58.060782,-34.926667],[-58.060825,-34.926517],[-58.060879,-34.926315],[-58.060911,-34.926236],[-58.060911,-34.926148],[-58.060814,-34.926033],[-58.060718,-34.925857],[-58.060578,-34.925673],[-58.060514,-34.925541],[-58.060514,-34.925356],[-58.060471,-34.925233],[-58.060396,-34.92518],[-58.060181,-34.925092],[-58.06002,-34.924978],[-58.059935,-34.924793],[-58.059935,-34.924617],[-58.059935,-34.924467],[-58.059945,-34.924283],[-58.059967,-34.924124],[-58.060042,-34.923984],[-58.060128,-34.923887],[-58.060235,-34.923825],[-58.060407,-34.923764],[-58.060525,-34.923764],[-58.060675,-34.923764],[-58.060814,-34.923649],[-58.060868,-34.9235],[-58.06089,-34.923438],[-58.060857,-34.923297],[-58.060707,-34.923016],[-58.060493,-34.92277],[-58.060375,-34.922506],[-58.060342,-34.922215],[-58.059939,-34.921658],[-58.053606,-34.923105],[-58.050175,-34.923881],[-58.049636,-34.92343],[-58.048811,-34.922702],[-58.04798,-34.921827],[-58.046411,-34.920144],[-58.046085,-34.919794],[-58.045939,-34.919637],[-58.045545,-34.919215],[-58.044738,-34.918349],[-58.033179,-34.925104],[-58.03199,-34.925773],[-58.03064,-34.926783],[-58.029734,-34.927491],[-58.029588,-34.927591],[-58.02935,-34.927753],[-58.029266,-34.927814],[-58.02852,-34.928366],[-58.028455,-34.928421],[-58.028382,-34.928484],[-58.028076,-34.928697],[-58.026195,-34.930099],[-58.026101,-34.930163],[-58.025511,-34.930588],[-58.024943,-34.931002],[-58.023856,-34.931814],[-58.022753,-34.93264],[-58.022328,-34.932928],[-58.022125,-34.933098],[-58.02173,-34.933413],[-58.021709,-34.933456],[-58.019308,-34.935238],[-58.01704,-34.936917],[-58.01594,-34.93773],[-58.014822,-34.938569],[-58.013689,-34.93941],[-58.012538,-34.940265],[-58.012472,-34.940313],[-58.011337,-34.94114],[-58.010202,-34.941982],[-58.009696,-34.942374],[-58.009199,-34.942744],[-58.009124,-34.942799],[-58.009085,-34.942828],[-58.007973,-34.943643],[-58.006838,-34.944486],[-58.005671,-34.945356],[-58.005918,-34.945579],[-58.006732,-34.946311],[-58.006787,-34.946361],[-58.007756,-34.947247],[-58.00876,-34.948166],[-58.009729,-34.949052],[-58.009783,-34.949098],[-58.011834,-34.95096],[-58.013141,-34.952141],[-58.016703,-34.955381],[-58.01805,-34.956606],[-58.019127,-34.957591],[-58.020112,-34.958482],[-58.021103,-34.959393],[-58.022087,-34.960328],[-58.023111,-34.96125],[-58.024086,-34.962157],[-58.024173,-34.962224],[-58.024251,-34.962281],[-58.030407,-34.967803],[-58.032949,-34.970112],[-58.034462,-34.971471],[-58.034511,-34.971522],[-58.035096,-34.971107],[-58.035654,-34.970703],[-58.035911,-34.970898],[-58.036328,-34.971296],[-58.036319,-34.971868],[-58.037013,-34.971922],[-58.037679,-34.972546],[-58.037711,-34.972576],[-58.037177,-34.972973],[-58.036604,-34.973399],[-58.038391,-34.975033],[-58.038523,-34.975154],[-58.038682,-34.975299],[-58.039241,-34.97581],[-58.039827,-34.976342],[-58.040684,-34.977129],[-58.041844,-34.976278],[-58.042411,-34.975863],[-58.042968,-34.975454],[-58.043549,-34.975029],[-58.044107,-34.97462],[-58.045189,-34.973827],[-58.045245,-34.973786],[-58.045302,-34.973746],[-58.046353,-34.972974]]]},"properties":{"Código":99899828,"Nombre":"Melchor Romero","Código de provincia":6,"Nombre de provincia":"Buenos Aires","Código de departamento":6441,"Nombre de departamento":"La Plata","Superficie en km2":29.077961254676,"Latitud del centroide":-34.947758,"Longitud del centroide":-58.047861}},{"type":"Feature","geometry":{"type":"Polygon","coordinates":[[[-58.030113,-34.871689],[-58.030227,-34.871986],[-58.030205,-34.872144],[-58.03013,-34.872373],[-58.030012,-34.872558],[-58.029959,-34.872752],[-58.029991,-34.87306],[-58.030023,-34.873324],[-58.030023,-34.873509],[-58.030012,-34.873764],[-58.029905,-34.87401],[-58.029894,-34.874222],[-58.029905,-34.874424],[-58.030163,-34.874758],[-58.03042,-34.875058],[-58.030849,-34.875507],[-58.031064,-34.875665],[-58.031225,-34.875876],[-58.031472,-34.876026],[-58.031772,-34.876008],[-58.031997,-34.876035],[-58.032169,-34.876114],[-58.032255,-34.876246],[-58.032341,-34.876404],[-58.032416,-34.876572],[-58.032459,-34.876756],[-58.032469,-34.87695],[-58.03278,-34.877241],[-58.033456,-34.877698],[-58.033875,-34.877901],[-58.034143,-34.877874],[-58.034379,-34.877769],[-58.034508,-34.877786],[-58.034679,-34.877874],[-58.034808,-34.878103],[-58.035044,-34.878341],[-58.035173,-34.878473],[-58.035473,-34.878587],[-58.035774,-34.878684],[-58.036096,-34.878737],[-58.036557,-34.878922],[-58.036975,-34.879142],[-58.037297,-34.879388],[-58.03749,-34.879547],[-58.037619,-34.879714],[-58.037641,-34.879995],[-58.037608,-34.880251],[-58.037576,-34.880418],[-58.037651,-34.880515],[-58.037769,-34.880603],[-58.037984,-34.880708],[-58.038316,-34.880752],[-58.038595,-34.880805],[-58.038799,-34.880805],[-58.039089,-34.880752],[-58.039282,-34.880752],[-58.039457,-34.880762],[-58.03966,-34.880859],[-58.039907,-34.881114],[-58.040154,-34.881396],[-58.04039,-34.881722],[-58.040615,-34.882021],[-58.040776,-34.882303],[-58.040959,-34.882743],[-58.04127,-34.883297],[-58.041613,-34.883693],[-58.041903,-34.884142],[-58.042418,-34.88445],[-58.042675,-34.884608],[-58.043126,-34.884872],[-58.04334,-34.884987],[-58.043705,-34.885075],[-58.044091,-34.885163],[-58.044285,-34.885286],[-58.044456,-34.885436],[-58.044564,-34.88555],[-58.044617,-34.885761],[-58.044585,-34.885964],[-58.04451,-34.886122],[-58.044446,-34.886298],[-58.044596,-34.88636],[-58.045036,-34.886509],[-58.0454,-34.886562],[-58.045594,-34.886738],[-58.045733,-34.886914],[-58.045916,-34.887144],[-58.046383,-34.887332],[-58.046566,-34.887449],[-58.046849,-34.887525],[-58.047123,-34.887663],[-58.047394,-34.887967],[-58.047452,-34.88819],[-58.047525,-34.888384],[-58.047568,-34.888648],[-58.047557,-34.888894],[-58.047728,-34.889211],[-58.047851,-34.889367],[-58.047954,-34.88951],[-58.048115,-34.889774],[-58.048372,-34.889986],[-58.048716,-34.890153],[-58.04893,-34.890294],[-58.04907,-34.890434],[-58.049188,-34.89061],[-58.049373,-34.890822],[-58.049596,-34.890972],[-58.049796,-34.891139],[-58.049938,-34.891379],[-58.050064,-34.891675],[-58.050196,-34.891975],[-58.050271,-34.892238],[-58.050228,-34.892529],[-58.050218,-34.892881],[-58.050218,-34.89303],[-58.050342,-34.893168],[-58.0505,-34.893219],[-58.050757,-34.893254],[-58.050929,-34.893263],[-58.051026,-34.89328],[-58.051165,-34.893351],[-58.051283,-34.893474],[-58.051412,-34.893667],[-58.051505,-34.893884],[-58.051569,-34.89399],[-58.051569,-34.894122],[-58.051612,-34.894254],[-58.051677,-34.894377],[-58.051891,-34.894535],[-58.052084,-34.894597],[-58.052331,-34.894614],[-58.052428,-34.894676],[-58.052557,-34.894773],[-58.052642,-34.894887],[-58.052675,-34.89494],[-58.052653,-34.895019],[-58.052578,-34.89523],[-58.052449,-34.895415],[-58.052374,-34.895618],[-58.052374,-34.895794],[-58.052492,-34.89604],[-58.052589,-34.89626],[-58.052739,-34.896366],[-58.052932,-34.896542],[-58.053104,-34.896717],[-58.053286,-34.896937],[-58.053415,-34.897052],[-58.053597,-34.897149],[-58.053747,-34.897219],[-58.053876,-34.897325],[-58.054026,-34.897369],[-58.054177,-34.897413],[-58.054338,-34.897518],[-58.05452,-34.897598],[-58.054777,-34.897659],[-58.055056,-34.897668],[-58.055282,-34.897677],[-58.055614,-34.897703],[-58.055979,-34.897826],[-58.056258,-34.897967],[-58.05644,-34.898161],[-58.056483,-34.898337],[-58.056515,-34.89846],[-58.056483,-34.898574],[-58.056526,-34.898741],[-58.056612,-34.898882],[-58.056773,-34.898979],[-58.056923,-34.898979],[-58.057095,-34.898953],[-58.057267,-34.898909],[-58.057417,-34.898917],[-58.057663,-34.899032],[-58.057814,-34.899058],[-58.057899,-34.899058],[-58.058028,-34.89919],[-58.058221,-34.899322],[-58.058425,-34.899419],[-58.058554,-34.899481],[-58.058833,-34.899613],[-58.058972,-34.899674],[-58.059187,-34.899692],[-58.059348,-34.899639],[-58.059434,-34.899569],[-58.059509,-34.899498],[-58.059595,-34.899445],[-58.059798,-34.899375],[-58.05997,-34.89934],[-58.06026,-34.899349],[-58.060378,-34.899349],[-58.06071,-34.89934],[-58.060989,-34.899393],[-58.061376,-34.899516],[-58.061612,-34.899639],[-58.061816,-34.899806],[-58.062009,-34.899991],[-58.062277,-34.90022],[-58.062459,-34.900413],[-58.062642,-34.900651],[-58.062695,-34.900906],[-58.062813,-34.9011],[-58.062942,-34.901249],[-58.063146,-34.901487],[-58.063221,-34.90161],[-58.063307,-34.901724],[-58.063318,-34.901927],[-58.063296,-34.902147],[-58.063264,-34.902305],[-58.063232,-34.90256],[-58.063232,-34.902666],[-58.063157,-34.902807],[-58.063071,-34.902939],[-58.063071,-34.903062],[-58.063135,-34.903264],[-58.06321,-34.903396],[-58.063215,-34.903443],[-58.063351,-34.903413],[-58.069556,-34.901983],[-58.072395,-34.901327],[-58.072622,-34.901271],[-58.079278,-34.899662],[-58.080384,-34.899415],[-58.090035,-34.897153],[-58.090008,-34.897044],[-58.089134,-34.893615],[-58.088842,-34.892774],[-58.088263,-34.891103],[-58.087939,-34.890187],[-58.087267,-34.88823],[-58.08714,-34.887871],[-58.086184,-34.885193],[-58.085797,-34.884076],[-58.085378,-34.882893],[-58.085093,-34.882091],[-58.084816,-34.881311],[-58.084489,-34.880388],[-58.084146,-34.879391],[-58.083794,-34.878365],[-58.083365,-34.877009],[-58.082976,-34.875923],[-58.08257,-34.874803],[-58.084043,-34.874458],[-58.084776,-34.874277],[-58.085724,-34.87401],[-58.08619,-34.873862],[-58.087304,-34.873495],[-58.088596,-34.873072],[-58.087868,-34.872464],[-58.086865,-34.871625],[-58.085749,-34.870665],[-58.084656,-34.86967],[-58.083975,-34.869126],[-58.070012,-34.87249],[-58.068839,-34.872771],[-58.067596,-34.873069],[-58.066375,-34.873353],[-58.065145,-34.873643],[-58.063982,-34.873914],[-58.06362,-34.872924],[-58.063192,-34.871663],[-58.062857,-34.870686],[-58.062644,-34.870052],[-58.062193,-34.868763],[-58.06185,-34.867766],[-58.061436,-34.86652],[-58.060822,-34.864744],[-58.060486,-34.863745],[-58.060139,-34.862759],[-58.060035,-34.862439],[-58.059832,-34.861834],[-58.060061,-34.861825],[-58.062605,-34.861716],[-58.062998,-34.861685],[-58.063041,-34.86168],[-58.063384,-34.861638],[-58.063566,-34.861609],[-58.063746,-34.861575],[-58.063749,-34.861574],[-58.064113,-34.861488],[-58.0643,-34.861429],[-58.064489,-34.861371],[-58.064914,-34.86121],[-58.065299,-34.861032],[-58.065454,-34.86096],[-58.065676,-34.860847],[-58.067587,-34.85982],[-58.068741,-34.859229],[-58.069457,-34.858846],[-58.070797,-34.858081],[-58.070991,-34.857954],[-58.071086,-34.857892],[-58.071257,-34.857766],[-58.070974,-34.857505],[-58.070795,-34.857433],[-58.070662,-34.85742],[-58.070416,-34.857447],[-58.070169,-34.857526],[-58.069911,-34.857684],[-58.069568,-34.857905],[-58.069332,-34.858001],[-58.069096,-34.858063],[-58.068667,-34.858081],[-58.068377,-34.857975],[-58.067819,-34.857702],[-58.066875,-34.857306],[-58.066349,-34.857121],[-58.066081,-34.856998],[-58.065738,-34.856971],[-58.065448,-34.856945],[-58.065041,-34.856971],[-58.06415,-34.857147],[-58.063571,-34.857323],[-58.063109,-34.85735],[-58.062809,-34.857341],[-58.062423,-34.857271],[-58.061802,-34.857126],[-58.061351,-34.856862],[-58.060879,-34.856281],[-58.060469,-34.85602],[-58.060297,-34.855615],[-58.060083,-34.855227],[-58.059825,-34.854998],[-58.05888,-34.854327],[-58.057917,-34.853866],[-58.057427,-34.85359],[-58.056247,-34.853312],[-58.055143,-34.853498],[-58.049018,-34.854527],[-58.045691,-34.855054],[-58.041024,-34.855858],[-58.033303,-34.857147],[-58.022215,-34.861977],[-58.026878,-34.869184],[-58.026972,-34.869362],[-58.027266,-34.869812],[-58.027576,-34.870018],[-58.027944,-34.870176],[-58.029261,-34.870516],[-58.029594,-34.870674],[-58.029755,-34.87085],[-58.029916,-34.871194],[-58.029943,-34.871264],[-58.030113,-34.871689]]]},"properties":{"Código":99899827,"Nombre":"City Bell","Código de provincia":6,"Nombre de provincia":"Buenos Aires","Código de departamento":6441,"Nombre de departamento":"La Plata","Superficie en km2":18.638109637104,"Latitud del centroide":-34.877736,"Longitud del centroide":-58.058217}},{"type":"Feature","geometry":{"type":"Polygon","coordinates":[[[-57.998924,-34.888572],[-57.999879,-34.889443],[-58.000136,-34.889674],[-58.000904,-34.89036],[-58.001922,-34.891279],[-58.002953,-34.892201],[-58.003939,-34.893118],[-58.004036,-34.893207],[-58.004293,-34.893425],[-58.00488,-34.893976],[-58.005017,-34.894099],[-58.005212,-34.894275],[-58.006059,-34.895057],[-58.007054,-34.89597],[-58.00811,-34.896942],[-58.008879,-34.897635],[-58.00908,-34.897817],[-58.009621,-34.898317],[-58.010107,-34.898764],[-58.010344,-34.898974],[-58.010926,-34.899526],[-58.011118,-34.899697],[-58.012125,-34.898946],[-58.013207,-34.898139],[-58.013368,-34.898007],[-58.014536,-34.897142],[-58.015724,-34.896258],[-58.016838,-34.895419],[-58.017944,-34.894616],[-58.01904,-34.893795],[-58.020199,-34.892933],[-58.021236,-34.892162],[-58.021318,-34.892122],[-58.021387,-34.892207],[-58.021497,-34.892342],[-58.022237,-34.893238],[-58.023103,-34.894271],[-58.023919,-34.89528],[-58.024786,-34.896334],[-58.025588,-34.89729],[-58.026437,-34.89706],[-58.027489,-34.896825],[-58.028636,-34.896546],[-58.028801,-34.897015],[-58.028849,-34.897162],[-58.029109,-34.897899],[-58.036436,-34.896196],[-58.036176,-34.895453],[-58.035726,-34.894165],[-58.035612,-34.893838],[-58.037297,-34.893458],[-58.036951,-34.892517],[-58.037453,-34.892398],[-58.04007,-34.891775],[-58.040138,-34.891752],[-58.03994,-34.89123],[-58.040059,-34.891202],[-58.04117,-34.890934],[-58.041316,-34.890901],[-58.042226,-34.890692],[-58.042371,-34.890658],[-58.043551,-34.89038],[-58.044813,-34.890083],[-58.046014,-34.8898],[-58.046917,-34.889587],[-58.047226,-34.889515],[-58.047715,-34.889399],[-58.047851,-34.889367],[-58.047728,-34.889211],[-58.047557,-34.888894],[-58.047568,-34.888648],[-58.047525,-34.888384],[-58.047452,-34.88819],[-58.047394,-34.887967],[-58.047123,-34.887663],[-58.046849,-34.887525],[-58.046566,-34.887449],[-58.046383,-34.887332],[-58.045916,-34.887144],[-58.045733,-34.886914],[-58.045594,-34.886738],[-58.0454,-34.886562],[-58.045036,-34.886509],[-58.044596,-34.88636],[-58.044446,-34.886298],[-58.04451,-34.886122],[-58.044585,-34.885964],[-58.044617,-34.885761],[-58.044564,-34.88555],[-58.044456,-34.885436],[-58.044285,-34.885286],[-58.044091,-34.885163],[-58.043705,-34.885075],[-58.04334,-34.884987],[-58.043126,-34.884872],[-58.042675,-34.884608],[-58.042418,-34.88445],[-58.041903,-34.884142],[-58.041613,-34.883693],[-58.04127,-34.883297],[-58.040959,-34.882743],[-58.040776,-34.882303],[-58.040615,-34.882021],[-58.04039,-34.881722],[-58.040154,-34.881396],[-58.039907,-34.881114],[-58.03966,-34.880859],[-58.039457,-34.880762],[-58.039282,-34.880752],[-58.039089,-34.880752],[-58.038799,-34.880805],[-58.038595,-34.880805],[-58.038316,-34.880752],[-58.037984,-34.880708],[-58.037769,-34.880603],[-58.037651,-34.880515],[-58.037576,-34.880418],[-58.037608,-34.880251],[-58.037641,-34.879995],[-58.037619,-34.879714],[-58.03749,-34.879547],[-58.037297,-34.879388],[-58.036975,-34.879142],[-58.036557,-34.878922],[-58.036096,-34.878737],[-58.035774,-34.878684],[-58.035473,-34.878587],[-58.035173,-34.878473],[-58.035044,-34.878341],[-58.034808,-34.878103],[-58.034679,-34.877874],[-58.034508,-34.877786],[-58.034379,-34.877769],[-58.034143,-34.877874],[-58.033875,-34.877901],[-58.033456,-34.877698],[-58.03278,-34.877241],[-58.032469,-34.87695],[-58.032459,-34.876756],[-58.032416,-34.876572],[-58.032341,-34.876404],[-58.032255,-34.876246],[-58.032169,-34.876114],[-58.031997,-34.876035],[-58.031772,-34.876008],[-58.031472,-34.876026],[-58.031225,-34.875876],[-58.031064,-34.875665],[-58.030849,-34.875507],[-58.03042,-34.875058],[-58.030163,-34.874758],[-58.029905,-34.874424],[-58.029894,-34.874222],[-58.029905,-34.87401],[-58.030012,-34.873764],[-58.030023,-34.873509],[-58.030023,-34.873324],[-58.029991,-34.87306],[-58.029959,-34.872752],[-58.030012,-34.872558],[-58.03013,-34.872373],[-58.030205,-34.872144],[-58.030227,-34.871986],[-58.030113,-34.871689],[-58.03,-34.871738],[-58.028238,-34.872498],[-58.02661,-34.873213],[-58.025231,-34.873823],[-58.024964,-34.873936],[-58.024804,-34.874001],[-58.022836,-34.874869],[-58.020534,-34.875871],[-58.02019,-34.87602],[-58.020053,-34.876084],[-58.016532,-34.87762],[-58.01626,-34.877738],[-58.012596,-34.879334],[-58.012055,-34.87958],[-58.011377,-34.879918],[-58.010727,-34.880285],[-58.010639,-34.880331],[-58.010491,-34.880399],[-58.010202,-34.880523],[-58.010053,-34.88058],[-58.009883,-34.880641],[-58.009268,-34.880846],[-58.009051,-34.880926],[-58.008835,-34.881028],[-58.008681,-34.88112],[-58.008506,-34.88123],[-58.008013,-34.881585],[-58.007851,-34.88171],[-58.00674,-34.882559],[-58.005617,-34.883378],[-58.00555,-34.883427],[-58.004519,-34.884227],[-58.003406,-34.88507],[-58.002853,-34.885488],[-58.002582,-34.885694],[-58.002361,-34.885856],[-58.00224,-34.885947],[-58.001386,-34.886583],[-58.000926,-34.88692],[-57.999952,-34.887644],[-57.998829,-34.888488],[-57.998924,-34.888572]]]},"properties":{"Código":99899826,"Nombre":"Manuel B. Gonnet","Código de provincia":6,"Nombre de provincia":"Buenos Aires","Código de departamento":6441,"Nombre de departamento":"La Plata","Superficie en km2":7.2153611742631,"Latitud del centroide":-34.886741,"Longitud del centroide":-58.022993}},{"type":"Feature","geometry":{"type":"Polygon","coordinates":[[[-58.060609,-34.912395],[-58.060499,-34.912132],[-58.06046,-34.911911],[-58.060396,-34.911799],[-58.060585,-34.911569],[-58.060639,-34.911252],[-58.060596,-34.910909],[-58.060628,-34.910733],[-58.060703,-34.910496],[-58.060885,-34.910276],[-58.061014,-34.910161],[-58.0611,-34.910003],[-58.061111,-34.909836],[-58.060907,-34.909651],[-58.060724,-34.90929],[-58.060628,-34.90915],[-58.060478,-34.908771],[-58.060606,-34.908507],[-58.060853,-34.908217],[-58.061057,-34.908041],[-58.061336,-34.907839],[-58.06154,-34.90761],[-58.061572,-34.907539],[-58.061654,-34.907451],[-58.06168,-34.907315],[-58.061626,-34.907205],[-58.061711,-34.907064],[-58.061787,-34.906941],[-58.061848,-34.906843],[-58.061835,-34.906725],[-58.061826,-34.90658],[-58.061857,-34.906457],[-58.061893,-34.906351],[-58.061943,-34.906215],[-58.061982,-34.906081],[-58.061939,-34.90599],[-58.061872,-34.905877],[-58.061729,-34.905533],[-58.061729,-34.905049],[-58.062051,-34.904601],[-58.062575,-34.904229],[-58.062781,-34.904144],[-58.063157,-34.90395],[-58.063189,-34.903897],[-58.063253,-34.903792],[-58.063232,-34.903616],[-58.063215,-34.903443],[-58.06321,-34.903396],[-58.063135,-34.903264],[-58.063071,-34.903062],[-58.063071,-34.902939],[-58.063157,-34.902807],[-58.063232,-34.902666],[-58.063232,-34.90256],[-58.063264,-34.902305],[-58.063296,-34.902147],[-58.063318,-34.901927],[-58.063307,-34.901724],[-58.063221,-34.90161],[-58.063146,-34.901487],[-58.062942,-34.901249],[-58.062813,-34.9011],[-58.062695,-34.900906],[-58.062642,-34.900651],[-58.062459,-34.900413],[-58.062277,-34.90022],[-58.062009,-34.899991],[-58.061816,-34.899806],[-58.061612,-34.899639],[-58.061376,-34.899516],[-58.060989,-34.899393],[-58.06071,-34.89934],[-58.060378,-34.899349],[-58.06026,-34.899349],[-58.05997,-34.89934],[-58.059798,-34.899375],[-58.059595,-34.899445],[-58.059509,-34.899498],[-58.059434,-34.899569],[-58.059348,-34.899639],[-58.059187,-34.899692],[-58.058972,-34.899674],[-58.058833,-34.899613],[-58.058554,-34.899481],[-58.058425,-34.899419],[-58.058221,-34.899322],[-58.058028,-34.89919],[-58.057899,-34.899058],[-58.057814,-34.899058],[-58.057663,-34.899032],[-58.057417,-34.898917],[-58.057267,-34.898909],[-58.057095,-34.898953],[-58.056923,-34.898979],[-58.056773,-34.898979],[-58.056612,-34.898882],[-58.056526,-34.898741],[-58.056483,-34.898574],[-58.056515,-34.89846],[-58.056483,-34.898337],[-58.05644,-34.898161],[-58.056258,-34.897967],[-58.055979,-34.897826],[-58.055614,-34.897703],[-58.055282,-34.897677],[-58.055056,-34.897668],[-58.054777,-34.897659],[-58.05452,-34.897598],[-58.054338,-34.897518],[-58.054177,-34.897413],[-58.054026,-34.897369],[-58.053876,-34.897325],[-58.053747,-34.897219],[-58.053597,-34.897149],[-58.053415,-34.897052],[-58.053286,-34.896937],[-58.053104,-34.896717],[-58.052932,-34.896542],[-58.052739,-34.896366],[-58.052589,-34.89626],[-58.052492,-34.89604],[-58.052374,-34.895794],[-58.052374,-34.895618],[-58.052449,-34.895415],[-58.052578,-34.89523],[-58.052653,-34.895019],[-58.052675,-34.89494],[-58.052642,-34.894887],[-58.052557,-34.894773],[-58.052428,-34.894676],[-58.052331,-34.894614],[-58.052084,-34.894597],[-58.051891,-34.894535],[-58.051677,-34.894377],[-58.051612,-34.894254],[-58.051569,-34.894122],[-58.051569,-34.89399],[-58.051505,-34.893884],[-58.051412,-34.893667],[-58.051283,-34.893474],[-58.051165,-34.893351],[-58.051026,-34.89328],[-58.050929,-34.893263],[-58.050757,-34.893254],[-58.0505,-34.893219],[-58.050342,-34.893168],[-58.050218,-34.89303],[-58.050218,-34.892881],[-58.050228,-34.892529],[-58.050271,-34.892238],[-58.050196,-34.891975],[-58.050064,-34.891675],[-58.049938,-34.891379],[-58.049796,-34.891139],[-58.049596,-34.890972],[-58.049373,-34.890822],[-58.049188,-34.89061],[-58.04907,-34.890434],[-58.04893,-34.890294],[-58.048716,-34.890153],[-58.048372,-34.889986],[-58.048115,-34.889774],[-58.047954,-34.88951],[-58.047851,-34.889367],[-58.047715,-34.889399],[-58.047226,-34.889515],[-58.046917,-34.889587],[-58.046014,-34.8898],[-58.044813,-34.890083],[-58.043551,-34.89038],[-58.042371,-34.890658],[-58.042226,-34.890692],[-58.041316,-34.890901],[-58.04117,-34.890934],[-58.040059,-34.891202],[-58.03994,-34.89123],[-58.040138,-34.891752],[-58.04007,-34.891775],[-58.037453,-34.892398],[-58.036951,-34.892517],[-58.037297,-34.893458],[-58.035612,-34.893838],[-58.035726,-34.894165],[-58.036176,-34.895453],[-58.036436,-34.896196],[-58.029109,-34.897899],[-58.028849,-34.897162],[-58.028801,-34.897015],[-58.028636,-34.896546],[-58.027489,-34.896825],[-58.026437,-34.89706],[-58.025588,-34.89729],[-58.025663,-34.897375],[-58.026522,-34.898435],[-58.026578,-34.898503],[-58.026657,-34.898592],[-58.027304,-34.899336],[-58.028517,-34.900801],[-58.02888,-34.901222],[-58.029179,-34.90157],[-58.029813,-34.902316],[-58.029869,-34.902375],[-58.031356,-34.903954],[-58.032056,-34.904702],[-58.03262,-34.905311],[-58.033882,-34.906672],[-58.034738,-34.907589],[-58.035573,-34.908493],[-58.036208,-34.90915],[-58.036465,-34.909444],[-58.036674,-34.909673],[-58.036731,-34.909735],[-58.036976,-34.910008],[-58.037995,-34.911093],[-58.038281,-34.911404],[-58.039829,-34.913061],[-58.040225,-34.913512],[-58.041478,-34.914851],[-58.043012,-34.916499],[-58.044738,-34.918349],[-58.045545,-34.919215],[-58.045939,-34.919637],[-58.046085,-34.919794],[-58.046411,-34.920144],[-58.04798,-34.921827],[-58.048811,-34.922702],[-58.049636,-34.92343],[-58.050175,-34.923881],[-58.053606,-34.923105],[-58.059939,-34.921658],[-58.059812,-34.92159],[-58.059641,-34.921449],[-58.059555,-34.921422],[-58.059426,-34.921449],[-58.059373,-34.921501],[-58.059287,-34.921545],[-58.059179,-34.921607],[-58.059029,-34.921607],[-58.058879,-34.921554],[-58.058761,-34.921396],[-58.058697,-34.921273],[-58.058568,-34.921132],[-58.058514,-34.920991],[-58.058396,-34.920877],[-58.058246,-34.920798],[-58.05815,-34.92071],[-58.058053,-34.920595],[-58.057946,-34.92042],[-58.057871,-34.920252],[-58.05772,-34.920059],[-58.057667,-34.91998],[-58.057602,-34.919812],[-58.057506,-34.919672],[-58.057398,-34.919452],[-58.057356,-34.919311],[-58.057345,-34.919144],[-58.057345,-34.919056],[-58.057388,-34.918933],[-58.057474,-34.918748],[-58.05757,-34.918537],[-58.057645,-34.918361],[-58.057645,-34.918264],[-58.057688,-34.918132],[-58.057688,-34.918062],[-58.057699,-34.917947],[-58.057635,-34.917824],[-58.05757,-34.91778],[-58.057463,-34.917745],[-58.057377,-34.917675],[-58.057238,-34.91756],[-58.057173,-34.91749],[-58.057066,-34.917367],[-58.057012,-34.917244],[-58.056959,-34.917068],[-58.056959,-34.916936],[-58.057023,-34.916742],[-58.057141,-34.916558],[-58.05727,-34.916417],[-58.057409,-34.916276],[-58.057624,-34.916082],[-58.057763,-34.915889],[-58.057903,-34.915757],[-58.057989,-34.915651],[-58.058289,-34.915502],[-58.058504,-34.915405],[-58.0586,-34.915352],[-58.058622,-34.915238],[-58.058579,-34.915036],[-58.058525,-34.914789],[-58.058579,-34.914508],[-58.058632,-34.914341],[-58.058686,-34.914147],[-58.058729,-34.913971],[-58.058793,-34.91383],[-58.058997,-34.913707],[-58.059169,-34.913584],[-58.059265,-34.913478],[-58.059437,-34.913302],[-58.059641,-34.913153],[-58.059759,-34.913091],[-58.059888,-34.913126],[-58.060059,-34.913135],[-58.060167,-34.9131],[-58.060306,-34.913021],[-58.060403,-34.91295],[-58.060499,-34.912827],[-58.060564,-34.912722],[-58.060606,-34.912563],[-58.060628,-34.91244],[-58.060609,-34.912395]]]},"properties":{"Código":99899825,"Nombre":"Joaquín Gorina","Código de provincia":6,"Nombre de provincia":"Buenos Aires","Código de departamento":6441,"Nombre de departamento":"La Plata","Superficie en km2":6.9501184133588,"Latitud del centroide":-34.905613,"Longitud del centroide":-58.047062}},{"type":"Feature","geometry":{"type":"Polygon","coordinates":[[[-58.010442,-34.915804],[-58.010515,-34.915787],[-58.01123,-34.915621],[-58.013732,-34.914998],[-58.014868,-34.914672],[-58.020243,-34.913499],[-58.023307,-34.912789],[-58.023384,-34.912829],[-58.024493,-34.914331],[-58.026629,-34.916808],[-58.026775,-34.917001],[-58.028508,-34.919233],[-58.030365,-34.921617],[-58.033179,-34.925104],[-58.044738,-34.918349],[-58.043012,-34.916499],[-58.041478,-34.914851],[-58.040225,-34.913512],[-58.039829,-34.913061],[-58.038281,-34.911404],[-58.037995,-34.911093],[-58.036976,-34.910008],[-58.036731,-34.909735],[-58.036674,-34.909673],[-58.036465,-34.909444],[-58.036208,-34.90915],[-58.035573,-34.908493],[-58.034738,-34.907589],[-58.033882,-34.906672],[-58.03262,-34.905311],[-58.032056,-34.904702],[-58.031356,-34.903954],[-58.029869,-34.902375],[-58.029813,-34.902316],[-58.029179,-34.90157],[-58.02888,-34.901222],[-58.028517,-34.900801],[-58.027304,-34.899336],[-58.026657,-34.898592],[-58.026578,-34.898503],[-58.026522,-34.898435],[-58.025663,-34.897375],[-58.025588,-34.89729],[-58.024786,-34.896334],[-58.023919,-34.89528],[-58.023103,-34.894271],[-58.022237,-34.893238],[-58.021497,-34.892342],[-58.021387,-34.892207],[-58.021318,-34.892122],[-58.021236,-34.892162],[-58.020199,-34.892933],[-58.01904,-34.893795],[-58.017944,-34.894616],[-58.016838,-34.895419],[-58.015724,-34.896258],[-58.014536,-34.897142],[-58.013368,-34.898007],[-58.013207,-34.898139],[-58.012125,-34.898946],[-58.011118,-34.899697],[-58.010926,-34.899526],[-58.010344,-34.898974],[-58.010107,-34.898764],[-58.009621,-34.898317],[-58.00908,-34.897817],[-58.008879,-34.897635],[-58.00811,-34.896942],[-58.007054,-34.89597],[-58.006059,-34.895057],[-58.005212,-34.894275],[-58.005017,-34.894099],[-58.004835,-34.894234],[-58.003768,-34.895027],[-58.003296,-34.895379],[-58.003121,-34.895508],[-58.001779,-34.896507],[-57.994879,-34.901615],[-58.007358,-34.912959],[-58.010442,-34.915804]]]},"properties":{"Código":99899824,"Nombre":"José Hernández","Código de provincia":6,"Nombre de provincia":"Buenos Aires","Código de departamento":6441,"Nombre de departamento":"La Plata","Superficie en km2":7.1840687230612,"Latitud del centroide":-34.907612,"Longitud del centroide":-58.020077}},{"type":"Feature","geometry":{"type":"Polygon","coordinates":[[[-58.004293,-34.893425],[-58.004036,-34.893207],[-58.003939,-34.893118],[-58.002953,-34.892201],[-58.001922,-34.891279],[-58.000904,-34.89036],[-58.000136,-34.889674],[-57.999879,-34.889443],[-57.998924,-34.888572],[-57.998829,-34.888488],[-57.999952,-34.887644],[-58.000926,-34.88692],[-58.001386,-34.886583],[-58.00224,-34.885947],[-58.002055,-34.885782],[-58.001767,-34.885541],[-58.001153,-34.884995],[-58.000621,-34.88452],[-58.000167,-34.884069],[-58.000072,-34.883972],[-57.999705,-34.88358],[-57.999536,-34.883391],[-57.999212,-34.883099],[-57.99886,-34.882796],[-57.998648,-34.882618],[-57.998334,-34.88239],[-57.997808,-34.881762],[-57.997734,-34.88172],[-57.99728,-34.881294],[-57.997209,-34.881227],[-57.996565,-34.880635],[-57.996527,-34.880605],[-57.996479,-34.880583],[-57.996295,-34.880524],[-57.99625,-34.8805],[-57.996108,-34.880369],[-57.996048,-34.880314],[-57.995598,-34.879853],[-57.995039,-34.879359],[-57.994027,-34.878435],[-57.99352,-34.877966],[-57.993374,-34.87783],[-57.991269,-34.879382],[-57.991165,-34.879414],[-57.991096,-34.87941],[-57.99034,-34.879305],[-57.990064,-34.879289],[-57.989115,-34.879244],[-57.988833,-34.879223],[-57.988162,-34.8793],[-57.987503,-34.879339],[-57.986951,-34.879391],[-57.986188,-34.879511],[-57.984971,-34.879793],[-57.984429,-34.879998],[-57.984221,-34.880078],[-57.983989,-34.880139],[-57.983648,-34.879797],[-57.982972,-34.879093],[-57.975665,-34.872801],[-57.974989,-34.87222],[-57.967953,-34.877127],[-57.970264,-34.87919],[-57.971302,-34.880119],[-57.971897,-34.880682],[-57.972668,-34.88144],[-57.972765,-34.881508],[-57.973025,-34.881727],[-57.97331,-34.881977],[-57.973964,-34.882565],[-57.974368,-34.882936],[-57.974859,-34.883378],[-57.97542,-34.883902],[-57.975606,-34.88405],[-57.976026,-34.884435],[-57.976194,-34.88459],[-57.976252,-34.884643],[-57.976565,-34.884937],[-57.976592,-34.884962],[-57.976634,-34.885001],[-57.977353,-34.885658],[-57.977866,-34.886121],[-57.97844,-34.886643],[-57.979095,-34.887237],[-57.979472,-34.887577],[-57.980191,-34.888224],[-57.980477,-34.888482],[-57.98072,-34.888701],[-57.98115,-34.889085],[-57.981501,-34.889405],[-57.982022,-34.889874],[-57.98254,-34.890352],[-57.982607,-34.890418],[-57.983621,-34.891353],[-57.98461,-34.89229],[-57.985508,-34.893086],[-57.985637,-34.893208],[-57.985737,-34.893299],[-57.986519,-34.894001],[-57.986799,-34.894254],[-57.987677,-34.895065],[-57.98855,-34.895855],[-57.988717,-34.896006],[-57.989683,-34.896816],[-57.994339,-34.901054],[-57.994879,-34.901615],[-58.001779,-34.896507],[-58.003121,-34.895508],[-58.003296,-34.895379],[-58.003768,-34.895027],[-58.004835,-34.894234],[-58.005017,-34.894099],[-58.00488,-34.893976],[-58.004293,-34.893425]]]},"properties":{"Código":99899823,"Nombre":"Ringuelet","Código de provincia":6,"Nombre de provincia":"Buenos Aires","Código de departamento":6441,"Nombre de departamento":"La Plata","Superficie en km2":4.5645526898608,"Latitud del centroide":-34.886515,"Longitud del centroide":-57.98819}},{"type":"Feature","geometry":{"type":"Polygon","coordinates":[[[-57.985737,-34.893299],[-57.985637,-34.893208],[-57.985508,-34.893086],[-57.98461,-34.89229],[-57.983621,-34.891353],[-57.982607,-34.890418],[-57.98254,-34.890352],[-57.982022,-34.889874],[-57.981501,-34.889405],[-57.98115,-34.889085],[-57.98072,-34.888701],[-57.980477,-34.888482],[-57.980191,-34.888224],[-57.979472,-34.887577],[-57.979095,-34.887237],[-57.97844,-34.886643],[-57.977866,-34.886121],[-57.977353,-34.885658],[-57.976634,-34.885001],[-57.976592,-34.884962],[-57.976565,-34.884937],[-57.976252,-34.884643],[-57.976194,-34.88459],[-57.976026,-34.884435],[-57.975606,-34.88405],[-57.97542,-34.883902],[-57.974859,-34.883378],[-57.974368,-34.882936],[-57.973964,-34.882565],[-57.97331,-34.881977],[-57.973025,-34.881727],[-57.972765,-34.881508],[-57.972668,-34.88144],[-57.971897,-34.880682],[-57.971302,-34.880119],[-57.970264,-34.87919],[-57.967953,-34.877127],[-57.960345,-34.882433],[-57.96013,-34.88262],[-57.959783,-34.882866],[-57.958673,-34.883705],[-57.957498,-34.884536],[-57.956672,-34.885213],[-57.956584,-34.885284],[-57.956412,-34.885409],[-57.956009,-34.885711],[-57.955312,-34.886218],[-57.954171,-34.887049],[-57.954169,-34.887054],[-57.953479,-34.887554],[-57.953712,-34.887697],[-57.954619,-34.888222],[-57.954736,-34.888284],[-57.954931,-34.888367],[-57.955229,-34.888532],[-57.955368,-34.888571],[-57.955501,-34.888593],[-57.955607,-34.888596],[-57.955718,-34.888579],[-57.955821,-34.888542],[-57.956078,-34.888421],[-57.957525,-34.889004],[-57.957528,-34.889126],[-57.95753,-34.889183],[-57.957534,-34.88923],[-57.957552,-34.889279],[-57.957583,-34.889321],[-57.958063,-34.889799],[-57.95815,-34.889895],[-57.959084,-34.89075],[-57.959166,-34.89083],[-57.960115,-34.891706],[-57.960154,-34.891741],[-57.960256,-34.891833],[-57.960991,-34.892512],[-57.961142,-34.892664],[-57.961251,-34.892773],[-57.961455,-34.892954],[-57.961489,-34.892995],[-57.961685,-34.893246],[-57.961769,-34.893331],[-57.961989,-34.893547],[-57.96217,-34.893713],[-57.96304,-34.894522],[-57.963288,-34.894745],[-57.963928,-34.895318],[-57.964029,-34.895398],[-57.964135,-34.895473],[-57.964572,-34.895769],[-57.964695,-34.895869],[-57.964797,-34.895961],[-57.965465,-34.896569],[-57.965501,-34.896602],[-57.965533,-34.896635],[-57.966191,-34.89723],[-57.966326,-34.897364],[-57.966435,-34.897464],[-57.967084,-34.898062],[-57.967162,-34.89814],[-57.967683,-34.898622],[-57.967741,-34.898672],[-57.967827,-34.898746],[-57.96849,-34.899335],[-57.968604,-34.899436],[-57.969222,-34.9],[-57.969281,-34.900056],[-57.969362,-34.900133],[-57.969476,-34.900242],[-57.969565,-34.900327],[-57.969585,-34.900345],[-57.969705,-34.900455],[-57.970473,-34.901159],[-57.970584,-34.901265],[-57.971474,-34.902065],[-57.971549,-34.902139],[-57.972489,-34.903002],[-57.972551,-34.903061],[-57.973433,-34.903857],[-57.973512,-34.903936],[-57.97357,-34.903994],[-57.974431,-34.904774],[-57.974515,-34.904846],[-57.974781,-34.905093],[-57.975452,-34.905697],[-57.975498,-34.905739],[-57.975579,-34.905819],[-57.975672,-34.905901],[-57.975738,-34.905963],[-57.975838,-34.906055],[-57.975898,-34.906112],[-57.976013,-34.906218],[-57.976502,-34.906668],[-57.976736,-34.906874],[-57.977597,-34.907638],[-57.977657,-34.907696],[-57.977706,-34.907741],[-57.97859,-34.908544],[-57.978672,-34.908619],[-57.97937,-34.909277],[-57.979509,-34.909408],[-57.979541,-34.909438],[-57.979579,-34.909471],[-57.979656,-34.909534],[-57.980669,-34.91046],[-57.981579,-34.911286],[-57.981695,-34.911395],[-57.981779,-34.911471],[-57.982793,-34.912384],[-57.983677,-34.913189],[-57.983714,-34.913223],[-57.983812,-34.913314],[-57.984729,-34.914167],[-57.9857,-34.915053],[-57.985745,-34.915093],[-57.985839,-34.915177],[-57.987002,-34.916224],[-57.987052,-34.916268],[-57.987706,-34.916888],[-57.987721,-34.916901],[-57.987845,-34.917015],[-57.987932,-34.917093],[-57.98878,-34.91785],[-57.988965,-34.91802],[-57.99,-34.9189],[-57.990996,-34.919824],[-57.99202,-34.920773],[-57.993049,-34.921651],[-57.993133,-34.92173],[-57.993818,-34.922359],[-57.993978,-34.922513],[-57.994032,-34.922544],[-57.994084,-34.922563],[-57.994074,-34.922867],[-57.994104,-34.92279],[-57.994136,-34.922726],[-57.99418,-34.922664],[-57.994232,-34.922608],[-57.994256,-34.922587],[-57.994291,-34.922558],[-57.994781,-34.922199],[-57.995899,-34.92139],[-57.996504,-34.920934],[-57.997012,-34.920556],[-57.998161,-34.919699],[-57.999261,-34.918877],[-57.999326,-34.918824],[-58.000331,-34.918076],[-58.000431,-34.918002],[-58.000451,-34.917987],[-58.000503,-34.917948],[-58.001532,-34.917178],[-58.001851,-34.91694],[-58.002664,-34.916335],[-58.002704,-34.916302],[-58.002765,-34.916252],[-58.003827,-34.915463],[-58.004932,-34.914637],[-58.006064,-34.913792],[-58.006885,-34.913176],[-58.006938,-34.913147],[-58.007016,-34.913117],[-58.007163,-34.913102],[-58.007358,-34.912959],[-57.994879,-34.901615],[-57.994339,-34.901054],[-57.989683,-34.896816],[-57.988717,-34.896006],[-57.98855,-34.895855],[-57.987677,-34.895065],[-57.986799,-34.894254],[-57.986519,-34.894001],[-57.985737,-34.893299]]]},"properties":{"Código":99899822,"Nombre":"Tolosa","Código de provincia":6,"Nombre de provincia":"Buenos Aires","Código de departamento":6441,"Nombre de departamento":"La Plata","Superficie en km2":8.7404400340334,"Latitud del centroide":-34.899807,"Longitud del centroide":-57.980899}},{"type":"Feature","geometry":{"type":"Polygon","coordinates":[[[-57.943273,-34.895156],[-57.942713,-34.895584],[-57.941645,-34.896382],[-57.941208,-34.896688],[-57.941108,-34.896758],[-57.940511,-34.897199],[-57.939918,-34.897633],[-57.939437,-34.897993],[-57.939157,-34.898204],[-57.938652,-34.898583],[-57.938372,-34.898793],[-57.938039,-34.899043],[-57.937576,-34.899394],[-57.937125,-34.899718],[-57.936972,-34.899838],[-57.936405,-34.900256],[-57.936063,-34.900501],[-57.935082,-34.901247],[-57.934392,-34.901759],[-57.933091,-34.902752],[-57.932006,-34.903539],[-57.930961,-34.904313],[-57.930391,-34.904736],[-57.92887,-34.905864],[-57.928826,-34.905896],[-57.927489,-34.90689],[-57.927444,-34.906907],[-57.927371,-34.90695],[-57.927111,-34.907148],[-57.927029,-34.907211],[-57.926563,-34.907534],[-57.925924,-34.908003],[-57.925882,-34.908034],[-57.92584,-34.908065],[-57.925786,-34.908105],[-57.925383,-34.908403],[-57.924825,-34.908816],[-57.923747,-34.909613],[-57.922772,-34.910348],[-57.922231,-34.910723],[-57.921772,-34.911092],[-57.921145,-34.911547],[-57.920026,-34.912371],[-57.919927,-34.912444],[-57.919491,-34.91277],[-57.919298,-34.912913],[-57.918921,-34.913196],[-57.918754,-34.913317],[-57.917755,-34.914064],[-57.91775,-34.914068],[-57.917612,-34.914171],[-57.917514,-34.914243],[-57.916502,-34.914999],[-57.915619,-34.915655],[-57.915403,-34.915816],[-57.915259,-34.915929],[-57.914266,-34.916662],[-57.913121,-34.917512],[-57.913169,-34.917633],[-57.913201,-34.917664],[-57.914042,-34.918437],[-57.914307,-34.918683],[-57.91439,-34.918763],[-57.915146,-34.919482],[-57.915099,-34.919714],[-57.91508,-34.919903],[-57.915089,-34.920063],[-57.915143,-34.920198],[-57.91518,-34.920258],[-57.915215,-34.920304],[-57.915267,-34.92034],[-57.915333,-34.920412],[-57.915544,-34.920586],[-57.916223,-34.920761],[-57.916271,-34.920801],[-57.916368,-34.920941],[-57.917204,-34.922049],[-57.917274,-34.922116],[-57.918162,-34.922982],[-57.918339,-34.92315],[-57.919094,-34.923837],[-57.919178,-34.923913],[-57.919277,-34.923999],[-57.920137,-34.924769],[-57.920283,-34.924798],[-57.920402,-34.92493],[-57.920693,-34.925243],[-57.920917,-34.925488],[-57.921146,-34.925706],[-57.921199,-34.925754],[-57.921289,-34.925837],[-57.921328,-34.925872],[-57.921419,-34.925955],[-57.921776,-34.926275],[-57.922062,-34.926539],[-57.922316,-34.92677],[-57.923322,-34.927683],[-57.923376,-34.927732],[-57.923417,-34.927769],[-57.924339,-34.928607],[-57.925322,-34.92951],[-57.925405,-34.929576],[-57.925473,-34.929637],[-57.926302,-34.930391],[-57.926371,-34.930453],[-57.92647,-34.930543],[-57.926606,-34.930667],[-57.926899,-34.930931],[-57.927314,-34.931316],[-57.927368,-34.931364],[-57.927455,-34.931443],[-57.927515,-34.931497],[-57.92756,-34.931538],[-57.927927,-34.931868],[-57.928254,-34.932169],[-57.928484,-34.932378],[-57.929489,-34.933293],[-57.929524,-34.933325],[-57.929595,-34.933389],[-57.930452,-34.93417],[-57.930506,-34.934218],[-57.930559,-34.934266],[-57.930823,-34.934507],[-57.931108,-34.934766],[-57.931527,-34.935148],[-57.931569,-34.935186],[-57.931643,-34.935253],[-57.932474,-34.93601],[-57.932536,-34.936066],[-57.932598,-34.936122],[-57.93274,-34.936251],[-57.933074,-34.936556],[-57.933495,-34.936939],[-57.933555,-34.936993],[-57.933628,-34.93706],[-57.933692,-34.937118],[-57.933772,-34.937191],[-57.934659,-34.937998],[-57.934687,-34.938024],[-57.934923,-34.938238],[-57.935229,-34.938516],[-57.935664,-34.938912],[-57.935702,-34.938947],[-57.93582,-34.939054],[-57.936676,-34.939833],[-57.93674,-34.939891],[-57.937539,-34.940618],[-57.937696,-34.940761],[-57.937769,-34.940828],[-57.938465,-34.941461],[-57.938706,-34.94168],[-57.938796,-34.941762],[-57.93893,-34.941884],[-57.939224,-34.94215],[-57.939344,-34.942258],[-57.939568,-34.942463],[-57.939709,-34.942593],[-57.939812,-34.942686],[-57.939895,-34.942762],[-57.940288,-34.943112],[-57.940578,-34.943383],[-57.940815,-34.943599],[-57.94184,-34.944532],[-57.941968,-34.944648],[-57.942796,-34.945401],[-57.942864,-34.945463],[-57.942906,-34.945501],[-57.942986,-34.945575],[-57.943095,-34.945674],[-57.94389,-34.946396],[-57.944004,-34.946502],[-57.944881,-34.947313],[-57.944932,-34.947359],[-57.945108,-34.947516],[-57.945417,-34.9478],[-57.94584,-34.948177],[-57.945889,-34.948236],[-57.945979,-34.948306],[-57.946044,-34.948362],[-57.946058,-34.948372],[-57.946518,-34.948748],[-57.946826,-34.949003],[-57.94704,-34.949204],[-57.947023,-34.949312],[-57.947105,-34.949392],[-57.947903,-34.950121],[-57.947964,-34.950177],[-57.948026,-34.950234],[-57.948165,-34.950363],[-57.948307,-34.950507],[-57.948989,-34.951132],[-57.949968,-34.952057],[-57.950027,-34.952111],[-57.950972,-34.952968],[-57.95176,-34.953671],[-57.951956,-34.953868],[-57.953032,-34.95393],[-57.953137,-34.953709],[-57.953259,-34.953725],[-57.953308,-34.953723],[-57.953352,-34.953714],[-57.954237,-34.953054],[-57.95536,-34.952264],[-57.956463,-34.951425],[-57.957577,-34.950577],[-57.957976,-34.950281],[-57.957966,-34.950156],[-57.958337,-34.949942],[-57.958723,-34.949729],[-57.95882,-34.949664],[-57.959905,-34.948871],[-57.960022,-34.948776],[-57.96106,-34.948036],[-57.962152,-34.947226],[-57.962203,-34.947189],[-57.962221,-34.947175],[-57.963298,-34.94637],[-57.963322,-34.946352],[-57.963707,-34.946067],[-57.964108,-34.945777],[-57.964409,-34.945553],[-57.964443,-34.945526],[-57.964511,-34.945478],[-57.965582,-34.944672],[-57.965676,-34.944609],[-57.966195,-34.944241],[-57.966696,-34.943885],[-57.966804,-34.943808],[-57.966962,-34.943687],[-57.967168,-34.943501],[-57.967221,-34.943401],[-57.967241,-34.943284],[-57.967236,-34.943246],[-57.967215,-34.943166],[-57.967201,-34.943063],[-57.967208,-34.942948],[-57.967234,-34.942861],[-57.967266,-34.94279],[-57.967321,-34.942707],[-57.967413,-34.942625],[-57.968467,-34.941818],[-57.968513,-34.941783],[-57.9686,-34.941722],[-57.969421,-34.941137],[-57.969735,-34.940913],[-57.96991,-34.940765],[-57.970249,-34.940513],[-57.970763,-34.940119],[-57.970968,-34.939998],[-57.971142,-34.939911],[-57.971322,-34.939843],[-57.971495,-34.939792],[-57.971765,-34.939715],[-57.972301,-34.939533],[-57.972448,-34.939469],[-57.972607,-34.939381],[-57.97298,-34.939102],[-57.973562,-34.938678],[-57.973826,-34.938473],[-57.974677,-34.93785],[-57.974735,-34.937805],[-57.975804,-34.937005],[-57.97584,-34.936977],[-57.975983,-34.936874],[-57.976959,-34.936155],[-57.977096,-34.936057],[-57.978109,-34.935305],[-57.978193,-34.935242],[-57.978232,-34.935214],[-57.979244,-34.934466],[-57.980345,-34.933651],[-57.980441,-34.93358],[-57.980502,-34.933533],[-57.981367,-34.932877],[-57.981551,-34.932729],[-57.982665,-34.931897],[-57.982725,-34.931855],[-57.982744,-34.931844],[-57.983816,-34.931058],[-57.983868,-34.931019],[-57.984876,-34.930275],[-57.984934,-34.93023],[-57.985055,-34.930139],[-57.986071,-34.929377],[-57.986137,-34.929326],[-57.986373,-34.929155],[-57.98716,-34.928566],[-57.987254,-34.928491],[-57.98739,-34.928389],[-57.988021,-34.927916],[-57.98838,-34.927653],[-57.989451,-34.926817],[-57.989864,-34.926539],[-57.990658,-34.926004],[-57.991777,-34.925161],[-57.992903,-34.924333],[-57.993718,-34.923717],[-57.993738,-34.923529],[-57.994074,-34.922867],[-57.994084,-34.922563],[-57.994032,-34.922544],[-57.993978,-34.922513],[-57.993818,-34.922359],[-57.993133,-34.92173],[-57.993049,-34.921651],[-57.99202,-34.920773],[-57.990996,-34.919824],[-57.99,-34.9189],[-57.988965,-34.91802],[-57.98878,-34.91785],[-57.987932,-34.917093],[-57.987845,-34.917015],[-57.987721,-34.916901],[-57.987706,-34.916888],[-57.987052,-34.916268],[-57.987002,-34.916224],[-57.985839,-34.915177],[-57.985745,-34.915093],[-57.9857,-34.915053],[-57.984729,-34.914167],[-57.983812,-34.913314],[-57.983714,-34.913223],[-57.983677,-34.913189],[-57.982793,-34.912384],[-57.981779,-34.911471],[-57.981695,-34.911395],[-57.981579,-34.911286],[-57.980669,-34.91046],[-57.979656,-34.909534],[-57.979579,-34.909471],[-57.979541,-34.909438],[-57.979509,-34.909408],[-57.97937,-34.909277],[-57.978672,-34.908619],[-57.97859,-34.908544],[-57.977706,-34.907741],[-57.977657,-34.907696],[-57.977597,-34.907638],[-57.976736,-34.906874],[-57.976502,-34.906668],[-57.976013,-34.906218],[-57.975898,-34.906112],[-57.975838,-34.906055],[-57.975738,-34.905963],[-57.975672,-34.905901],[-57.975579,-34.905819],[-57.975498,-34.905739],[-57.975452,-34.905697],[-57.974781,-34.905093],[-57.974515,-34.904846],[-57.974431,-34.904774],[-57.97357,-34.903994],[-57.973512,-34.903936],[-57.973433,-34.903857],[-57.972551,-34.903061],[-57.972489,-34.903002],[-57.971549,-34.902139],[-57.971474,-34.902065],[-57.970584,-34.901265],[-57.970473,-34.901159],[-57.969705,-34.900455],[-57.969585,-34.900345],[-57.969565,-34.900327],[-57.969476,-34.900242],[-57.969362,-34.900133],[-57.969281,-34.900056],[-57.969222,-34.9],[-57.968604,-34.899436],[-57.96849,-34.899335],[-57.967827,-34.898746],[-57.967741,-34.898672],[-57.967683,-34.898622],[-57.967162,-34.89814],[-57.967084,-34.898062],[-57.966435,-34.897464],[-57.966326,-34.897364],[-57.966191,-34.89723],[-57.965533,-34.896635],[-57.965501,-34.896602],[-57.965465,-34.896569],[-57.964797,-34.895961],[-57.964695,-34.895869],[-57.964572,-34.895769],[-57.964135,-34.895473],[-57.964029,-34.895398],[-57.963928,-34.895318],[-57.963288,-34.894745],[-57.96304,-34.894522],[-57.96217,-34.893713],[-57.961989,-34.893547],[-57.961769,-34.893331],[-57.961685,-34.893246],[-57.961489,-34.892995],[-57.961455,-34.892954],[-57.961251,-34.892773],[-57.961142,-34.892664],[-57.960991,-34.892512],[-57.960256,-34.891833],[-57.960154,-34.891741],[-57.960115,-34.891706],[-57.959166,-34.89083],[-57.959084,-34.89075],[-57.95815,-34.889895],[-57.958063,-34.889799],[-57.957583,-34.889321],[-57.957552,-34.889279],[-57.957534,-34.88923],[-57.95753,-34.889183],[-57.957528,-34.889126],[-57.957525,-34.889004],[-57.956078,-34.888421],[-57.955821,-34.888542],[-57.955718,-34.888579],[-57.955607,-34.888596],[-57.955501,-34.888593],[-57.955368,-34.888571],[-57.955229,-34.888532],[-57.954931,-34.888367],[-57.954736,-34.888284],[-57.954619,-34.888222],[-57.953712,-34.887697],[-57.953479,-34.887554],[-57.953358,-34.887643],[-57.951848,-34.888768],[-57.95097,-34.889421],[-57.950884,-34.889486],[-57.950844,-34.889515],[-57.95072,-34.889608],[-57.950064,-34.890096],[-57.950014,-34.890133],[-57.949733,-34.890343],[-57.949607,-34.890436],[-57.94918,-34.890754],[-57.94912,-34.890799],[-57.948576,-34.891204],[-57.948475,-34.891276],[-57.948308,-34.891404],[-57.947443,-34.892048],[-57.947359,-34.892109],[-57.947268,-34.892174],[-57.946292,-34.892923],[-57.946184,-34.893006],[-57.945033,-34.893853],[-57.944186,-34.894472],[-57.943273,-34.895156]]]},"properties":{"Código":99899821,"Nombre":"La Plata","Código de provincia":6,"Nombre de provincia":"Buenos Aires","Código de departamento":6441,"Nombre de departamento":"La Plata","Superficie en km2":28.047512904404,"Latitud del centroide":-34.920524,"Longitud del centroide":-57.953588}},{"type":"Feature","geometry":{"type":"Polygon","coordinates":[[[-57.991963,-34.95548],[-57.99202,-34.955523],[-57.992068,-34.955547],[-57.992133,-34.955574],[-57.9922,-34.955621],[-57.993053,-34.956372],[-57.993126,-34.956426],[-57.993213,-34.956486],[-57.995179,-34.958266],[-57.995083,-34.958352],[-57.99611,-34.959253],[-57.997164,-34.960175],[-57.998228,-34.961115],[-57.998326,-34.961041],[-57.999314,-34.960299],[-57.999383,-34.960247],[-58.000497,-34.959426],[-58.001602,-34.958587],[-58.002751,-34.957734],[-58.003404,-34.957252],[-58.004984,-34.956086],[-58.005077,-34.956017],[-58.006204,-34.955177],[-58.007307,-34.954341],[-58.008423,-34.953525],[-58.009538,-34.952677],[-58.010356,-34.952054],[-58.010642,-34.951841],[-58.011834,-34.95096],[-58.009783,-34.949098],[-58.009729,-34.949052],[-58.00876,-34.948166],[-58.007756,-34.947247],[-58.006787,-34.946361],[-58.006732,-34.946311],[-58.005918,-34.945579],[-58.005671,-34.945356],[-58.006838,-34.944486],[-58.007973,-34.943643],[-58.009085,-34.942828],[-58.009124,-34.942799],[-58.009199,-34.942744],[-58.009696,-34.942374],[-58.010202,-34.941982],[-58.011337,-34.94114],[-58.012472,-34.940313],[-58.012538,-34.940265],[-58.013689,-34.93941],[-58.014822,-34.938569],[-58.01594,-34.93773],[-58.01704,-34.936917],[-58.019308,-34.935238],[-58.021709,-34.933456],[-58.02173,-34.933413],[-58.022125,-34.933098],[-58.022328,-34.932928],[-58.022753,-34.93264],[-58.023856,-34.931814],[-58.024943,-34.931002],[-58.025511,-34.930588],[-58.026101,-34.930163],[-58.026195,-34.930099],[-58.028076,-34.928697],[-58.028382,-34.928484],[-58.028455,-34.928421],[-58.02852,-34.928366],[-58.029266,-34.927814],[-58.02935,-34.927753],[-58.029588,-34.927591],[-58.029734,-34.927491],[-58.03064,-34.926783],[-58.03199,-34.925773],[-58.033179,-34.925104],[-58.030365,-34.921617],[-58.028508,-34.919233],[-58.026775,-34.917001],[-58.026629,-34.916808],[-58.024493,-34.914331],[-58.023384,-34.912829],[-58.023307,-34.912789],[-58.020243,-34.913499],[-58.014868,-34.914672],[-58.013732,-34.914998],[-58.01123,-34.915621],[-58.010515,-34.915787],[-58.010442,-34.915804],[-58.007358,-34.912959],[-58.007163,-34.913102],[-58.007016,-34.913117],[-58.006938,-34.913147],[-58.006885,-34.913176],[-58.006064,-34.913792],[-58.004932,-34.914637],[-58.003827,-34.915463],[-58.002765,-34.916252],[-58.002704,-34.916302],[-58.002664,-34.916335],[-58.001851,-34.91694],[-58.001532,-34.917178],[-58.000503,-34.917948],[-58.000451,-34.917987],[-58.000431,-34.918002],[-58.000331,-34.918076],[-57.999326,-34.918824],[-57.999261,-34.918877],[-57.998161,-34.919699],[-57.997012,-34.920556],[-57.996504,-34.920934],[-57.995899,-34.92139],[-57.994781,-34.922199],[-57.994291,-34.922558],[-57.994256,-34.922587],[-57.994232,-34.922608],[-57.99418,-34.922664],[-57.994136,-34.922726],[-57.994104,-34.92279],[-57.994074,-34.922867],[-57.993738,-34.923529],[-57.993718,-34.923717],[-57.992903,-34.924333],[-57.991777,-34.925161],[-57.990658,-34.926004],[-57.989864,-34.926539],[-57.989451,-34.926817],[-57.98838,-34.927653],[-57.988021,-34.927916],[-57.98739,-34.928389],[-57.987254,-34.928491],[-57.98716,-34.928566],[-57.986373,-34.929155],[-57.986137,-34.929326],[-57.986071,-34.929377],[-57.985055,-34.930139],[-57.984934,-34.93023],[-57.984876,-34.930275],[-57.983868,-34.931019],[-57.983816,-34.931058],[-57.982744,-34.931844],[-57.982725,-34.931855],[-57.982665,-34.931897],[-57.981551,-34.932729],[-57.981367,-34.932877],[-57.980502,-34.933533],[-57.980441,-34.93358],[-57.980345,-34.933651],[-57.979244,-34.934466],[-57.978232,-34.935214],[-57.978193,-34.935242],[-57.978109,-34.935305],[-57.977096,-34.936057],[-57.976959,-34.936155],[-57.975983,-34.936874],[-57.97584,-34.936977],[-57.975804,-34.937005],[-57.974735,-34.937805],[-57.974677,-34.93785],[-57.973826,-34.938473],[-57.973562,-34.938678],[-57.97462,-34.939657],[-57.975623,-34.94059],[-57.976612,-34.941496],[-57.977617,-34.942426],[-57.978622,-34.943339],[-57.979092,-34.943752],[-57.979669,-34.94429],[-57.980741,-34.94525],[-57.981287,-34.945756],[-57.981748,-34.946184],[-57.982771,-34.947106],[-57.983787,-34.948013],[-57.984825,-34.948956],[-57.98585,-34.949859],[-57.985937,-34.949941],[-57.986902,-34.950864],[-57.987129,-34.951066],[-57.987166,-34.951101],[-57.987218,-34.951153],[-57.98727,-34.951203],[-57.987924,-34.951784],[-57.988938,-34.952715],[-57.989976,-34.953659],[-57.990948,-34.95455],[-57.991858,-34.955382],[-57.991963,-34.95548]]]},"properties":{"Código":99899820,"Nombre":"San Carlos","Código de provincia":6,"Nombre de provincia":"Buenos Aires","Código de departamento":6441,"Nombre de departamento":"La Plata","Superficie en km2":13.944809378375,"Latitud del centroide":-34.934365,"Longitud del centroide":-58.003129}},{"type":"Feature","geometry":{"type":"Polygon","coordinates":[[[-57.879825,-34.934943],[-57.878784,-34.935331],[-57.877753,-34.935707],[-57.87753,-34.93579],[-57.876632,-34.936126],[-57.875578,-34.936512],[-57.874506,-34.936932],[-57.873463,-34.937284],[-57.872379,-34.937677],[-57.87193,-34.937806],[-57.871734,-34.937851],[-57.871531,-34.937877],[-57.871289,-34.937885],[-57.871178,-34.937887],[-57.870738,-34.937881],[-57.870626,-34.93788],[-57.863472,-34.937791],[-57.862363,-34.937776],[-57.862203,-34.93778],[-57.862007,-34.937814],[-57.861792,-34.937867],[-57.861748,-34.937878],[-57.861446,-34.937986],[-57.861194,-34.938116],[-57.844562,-34.947392],[-57.843491,-34.948005],[-57.843389,-34.948062],[-57.843529,-34.94821],[-57.845157,-34.949995],[-57.846825,-34.951623],[-57.848587,-34.953391],[-57.850123,-34.954903],[-57.853474,-34.958332],[-57.855457,-34.960362],[-57.855527,-34.960434],[-57.860214,-34.957023],[-57.869183,-34.965155],[-57.869335,-34.965293],[-57.87017,-34.966076],[-57.870789,-34.966641],[-57.872283,-34.968006],[-57.872394,-34.968099],[-57.872674,-34.968343],[-57.873009,-34.968653],[-57.873633,-34.969206],[-57.873703,-34.969269],[-57.874087,-34.969614],[-57.874533,-34.970016],[-57.87494,-34.970384],[-57.875387,-34.970804],[-57.875676,-34.970585],[-57.875701,-34.97061],[-57.876111,-34.970986],[-57.876544,-34.971384],[-57.87691,-34.971719],[-57.87731,-34.972086],[-57.87769,-34.972433],[-57.878068,-34.97278],[-57.880713,-34.975254],[-57.883532,-34.977825],[-57.884699,-34.978869],[-57.885809,-34.979863],[-57.890821,-34.984528],[-57.890878,-34.984572],[-57.891106,-34.984437],[-57.894658,-34.981786],[-57.896217,-34.986974],[-57.900884,-34.986066],[-57.900867,-34.986012],[-57.900384,-34.984412],[-57.900025,-34.98329],[-57.899826,-34.982669],[-57.899563,-34.981799],[-57.899107,-34.980401],[-57.898761,-34.979241],[-57.898582,-34.978625],[-57.899101,-34.978241],[-57.899777,-34.977741],[-57.901063,-34.97679],[-57.901972,-34.976117],[-57.905306,-34.97365],[-57.907086,-34.972334],[-57.908245,-34.971476],[-57.905929,-34.969358],[-57.904908,-34.968443],[-57.904169,-34.96778],[-57.903653,-34.967309],[-57.901971,-34.96578],[-57.901232,-34.965078],[-57.90048,-34.964395],[-57.899755,-34.963738],[-57.899021,-34.963072],[-57.898417,-34.962532],[-57.898345,-34.962467],[-57.900254,-34.961035],[-57.900365,-34.960954],[-57.901206,-34.960332],[-57.901306,-34.960257],[-57.902237,-34.959564],[-57.902832,-34.959126],[-57.907423,-34.955692],[-57.90757,-34.955581],[-57.908405,-34.95495],[-57.909115,-34.954433],[-57.909247,-34.954337],[-57.910085,-34.953714],[-57.910784,-34.953202],[-57.910942,-34.953084],[-57.911771,-34.95247],[-57.912531,-34.95191],[-57.913338,-34.951298],[-57.913434,-34.951228],[-57.914118,-34.950707],[-57.914934,-34.950113],[-57.915634,-34.949596],[-57.915755,-34.949503],[-57.915801,-34.949449],[-57.915811,-34.949408],[-57.915814,-34.949314],[-57.916101,-34.949583],[-57.916188,-34.949664],[-57.916524,-34.949962],[-57.916581,-34.949993],[-57.916665,-34.95001],[-57.916739,-34.949996],[-57.916826,-34.949954],[-57.916873,-34.949904],[-57.916901,-34.94984],[-57.916886,-34.94975],[-57.917621,-34.949181],[-57.918194,-34.948671],[-57.918704,-34.948213],[-57.919212,-34.947787],[-57.919717,-34.947326],[-57.920228,-34.946889],[-57.921767,-34.945827],[-57.922504,-34.945297],[-57.923571,-34.944479],[-57.924648,-34.943662],[-57.925811,-34.942819],[-57.925929,-34.942736],[-57.92679,-34.942096],[-57.927468,-34.941575],[-57.928051,-34.941138],[-57.928159,-34.941059],[-57.928279,-34.940981],[-57.929205,-34.940302],[-57.930021,-34.939677],[-57.930133,-34.939594],[-57.933537,-34.937076],[-57.933628,-34.93706],[-57.933555,-34.936993],[-57.933495,-34.936939],[-57.933074,-34.936556],[-57.93274,-34.936251],[-57.932598,-34.936122],[-57.932536,-34.936066],[-57.932474,-34.93601],[-57.931643,-34.935253],[-57.931569,-34.935186],[-57.931527,-34.935148],[-57.931108,-34.934766],[-57.930823,-34.934507],[-57.930559,-34.934266],[-57.930506,-34.934218],[-57.930452,-34.93417],[-57.929595,-34.933389],[-57.929524,-34.933325],[-57.929489,-34.933293],[-57.928484,-34.932378],[-57.928254,-34.932169],[-57.927927,-34.931868],[-57.92756,-34.931538],[-57.927515,-34.931497],[-57.927455,-34.931443],[-57.927368,-34.931364],[-57.927314,-34.931316],[-57.926899,-34.930931],[-57.926606,-34.930667],[-57.92647,-34.930543],[-57.926371,-34.930453],[-57.926302,-34.930391],[-57.925473,-34.929637],[-57.925405,-34.929576],[-57.925322,-34.92951],[-57.924339,-34.928607],[-57.923417,-34.927769],[-57.923376,-34.927732],[-57.923322,-34.927683],[-57.922316,-34.92677],[-57.922062,-34.926539],[-57.921776,-34.926275],[-57.921419,-34.925955],[-57.921328,-34.925872],[-57.921289,-34.925837],[-57.921199,-34.925754],[-57.921146,-34.925706],[-57.920917,-34.925488],[-57.920693,-34.925243],[-57.920402,-34.92493],[-57.920283,-34.924798],[-57.920137,-34.924769],[-57.919277,-34.923999],[-57.919178,-34.923913],[-57.919094,-34.923837],[-57.918339,-34.92315],[-57.918162,-34.922982],[-57.917274,-34.922116],[-57.917204,-34.922049],[-57.916368,-34.920941],[-57.916271,-34.920801],[-57.916223,-34.920761],[-57.915544,-34.920586],[-57.915333,-34.920412],[-57.915267,-34.92034],[-57.915215,-34.920304],[-57.91518,-34.920258],[-57.915143,-34.920198],[-57.915089,-34.920063],[-57.91508,-34.919903],[-57.915099,-34.919714],[-57.915146,-34.919482],[-57.91439,-34.918763],[-57.914307,-34.918683],[-57.914042,-34.918437],[-57.913201,-34.917664],[-57.913169,-34.917633],[-57.913121,-34.917512],[-57.912442,-34.918027],[-57.911949,-34.918402],[-57.911069,-34.919051],[-57.910796,-34.919258],[-57.909978,-34.919871],[-57.909568,-34.920171],[-57.90923,-34.920429],[-57.908302,-34.921117],[-57.908074,-34.921298],[-57.907046,-34.922066],[-57.906449,-34.922506],[-57.905953,-34.92288],[-57.90518,-34.923446],[-57.904944,-34.923636],[-57.90466,-34.92409],[-57.9017,-34.926325],[-57.899451,-34.927961],[-57.897603,-34.929312],[-57.89645,-34.930226],[-57.895836,-34.930531],[-57.891744,-34.931924],[-57.891039,-34.932119],[-57.890289,-34.932271],[-57.887695,-34.932674],[-57.886724,-34.932844],[-57.885444,-34.933073],[-57.884793,-34.9332],[-57.884489,-34.933263],[-57.884233,-34.933326],[-57.884043,-34.933379],[-57.883132,-34.933692],[-57.882593,-34.933902],[-57.882029,-34.934122],[-57.880924,-34.934521],[-57.879825,-34.934943]]]},"properties":{"Código":99899819,"Nombre":"Villa Elvira","Código de provincia":6,"Nombre de provincia":"Buenos Aires","Código de departamento":6441,"Nombre de departamento":"La Plata","Superficie en km2":26.486595652839,"Latitud del centroide":-34.949825,"Longitud del centroide":-57.89041}},{"type":"Feature","geometry":{"type":"Polygon","coordinates":[[[-57.898582,-34.978625],[-57.898761,-34.979241],[-57.899107,-34.980401],[-57.899563,-34.981799],[-57.899826,-34.982669],[-57.900025,-34.98329],[-57.900384,-34.984412],[-57.900867,-34.986012],[-57.900884,-34.986066],[-57.896217,-34.986974],[-57.894658,-34.981786],[-57.891106,-34.984437],[-57.898618,-34.991431],[-57.89857,-34.991508],[-57.897995,-34.991878],[-57.892233,-34.996114],[-57.892056,-34.996245],[-57.892208,-34.99638],[-57.892561,-34.996702],[-57.894211,-34.998212],[-57.894938,-34.998877],[-57.89625,-35.000078],[-57.897428,-35.00116],[-57.898214,-35.001862],[-57.898987,-35.002589],[-57.899191,-35.002778],[-57.899335,-35.002899],[-57.899502,-35.003002],[-57.899821,-35.003372],[-57.899961,-35.003309],[-57.900069,-35.003239],[-57.900233,-35.003063],[-57.900369,-35.003015],[-57.900455,-35.002978],[-57.900569,-35.002905],[-57.901208,-35.002442],[-57.905005,-34.999596],[-57.905417,-34.999287],[-57.907042,-34.998096],[-57.907218,-34.997967],[-57.908723,-34.996865],[-57.909429,-34.996348],[-57.910985,-34.995196],[-57.911637,-34.994687],[-57.913408,-34.993388],[-57.91359,-34.993253],[-57.915816,-34.991592],[-57.917242,-34.990536],[-57.917566,-34.990296],[-57.917814,-34.990113],[-57.918247,-34.989792],[-57.919101,-34.989159],[-57.919192,-34.989092],[-57.920834,-34.987876],[-57.92417,-34.985403],[-57.925343,-34.984533],[-57.925999,-34.984039],[-57.926271,-34.983833],[-57.926739,-34.983492],[-57.926864,-34.9834],[-57.927368,-34.983027],[-57.92753,-34.982908],[-57.928999,-34.981823],[-57.929897,-34.981153],[-57.930779,-34.980495],[-57.931389,-34.980043],[-57.936416,-34.976334],[-57.939164,-34.974319],[-57.939744,-34.973888],[-57.941447,-34.972623],[-57.941684,-34.972432],[-57.942161,-34.972101],[-57.942847,-34.971705],[-57.943494,-34.971254],[-57.944529,-34.970462],[-57.945584,-34.969684],[-57.946963,-34.968667],[-57.947757,-34.968082],[-57.948841,-34.967289],[-57.949556,-34.966766],[-57.950263,-34.96622],[-57.950966,-34.965677],[-57.951536,-34.965235],[-57.952031,-34.964855],[-57.952572,-34.964452],[-57.953096,-34.964062],[-57.954155,-34.963275],[-57.955242,-34.962467],[-57.956028,-34.961879],[-57.95686,-34.961257],[-57.95801,-34.960407],[-57.959186,-34.959546],[-57.953032,-34.95393],[-57.951956,-34.953868],[-57.95176,-34.953671],[-57.950972,-34.952968],[-57.950027,-34.952111],[-57.949968,-34.952057],[-57.948989,-34.951132],[-57.948307,-34.950507],[-57.948165,-34.950363],[-57.948026,-34.950234],[-57.947964,-34.950177],[-57.947903,-34.950121],[-57.947105,-34.949392],[-57.947023,-34.949312],[-57.94704,-34.949204],[-57.946826,-34.949003],[-57.946518,-34.948748],[-57.946058,-34.948372],[-57.946044,-34.948362],[-57.945979,-34.948306],[-57.945889,-34.948236],[-57.94584,-34.948177],[-57.945417,-34.9478],[-57.945108,-34.947516],[-57.944932,-34.947359],[-57.944881,-34.947313],[-57.944004,-34.946502],[-57.94389,-34.946396],[-57.943095,-34.945674],[-57.942986,-34.945575],[-57.942906,-34.945501],[-57.942864,-34.945463],[-57.942796,-34.945401],[-57.941968,-34.944648],[-57.94184,-34.944532],[-57.940815,-34.943599],[-57.940578,-34.943383],[-57.940288,-34.943112],[-57.939895,-34.942762],[-57.939812,-34.942686],[-57.939709,-34.942593],[-57.939568,-34.942463],[-57.939344,-34.942258],[-57.939224,-34.94215],[-57.93893,-34.941884],[-57.938796,-34.941762],[-57.938706,-34.94168],[-57.938465,-34.941461],[-57.937769,-34.940828],[-57.937696,-34.940761],[-57.937539,-34.940618],[-57.93674,-34.939891],[-57.936676,-34.939833],[-57.93582,-34.939054],[-57.935702,-34.938947],[-57.935664,-34.938912],[-57.935229,-34.938516],[-57.934923,-34.938238],[-57.934687,-34.938024],[-57.934659,-34.937998],[-57.933772,-34.937191],[-57.933692,-34.937118],[-57.933628,-34.93706],[-57.933537,-34.937076],[-57.930133,-34.939594],[-57.930021,-34.939677],[-57.929205,-34.940302],[-57.928279,-34.940981],[-57.928159,-34.941059],[-57.928051,-34.941138],[-57.927468,-34.941575],[-57.92679,-34.942096],[-57.925929,-34.942736],[-57.925811,-34.942819],[-57.924648,-34.943662],[-57.923571,-34.944479],[-57.922504,-34.945297],[-57.921767,-34.945827],[-57.920228,-34.946889],[-57.919717,-34.947326],[-57.919212,-34.947787],[-57.918704,-34.948213],[-57.918194,-34.948671],[-57.917621,-34.949181],[-57.916886,-34.94975],[-57.916901,-34.94984],[-57.916873,-34.949904],[-57.916826,-34.949954],[-57.916739,-34.949996],[-57.916665,-34.95001],[-57.916581,-34.949993],[-57.916524,-34.949962],[-57.916188,-34.949664],[-57.916101,-34.949583],[-57.915814,-34.949314],[-57.915811,-34.949408],[-57.915801,-34.949449],[-57.915755,-34.949503],[-57.915634,-34.949596],[-57.914934,-34.950113],[-57.914118,-34.950707],[-57.913434,-34.951228],[-57.913338,-34.951298],[-57.912531,-34.95191],[-57.911771,-34.95247],[-57.910942,-34.953084],[-57.910784,-34.953202],[-57.910085,-34.953714],[-57.909247,-34.954337],[-57.909115,-34.954433],[-57.908405,-34.95495],[-57.90757,-34.955581],[-57.907423,-34.955692],[-57.902832,-34.959126],[-57.902237,-34.959564],[-57.901306,-34.960257],[-57.901206,-34.960332],[-57.900365,-34.960954],[-57.900254,-34.961035],[-57.898345,-34.962467],[-57.898417,-34.962532],[-57.899021,-34.963072],[-57.899755,-34.963738],[-57.90048,-34.964395],[-57.901232,-34.965078],[-57.901971,-34.96578],[-57.903653,-34.967309],[-57.904169,-34.96778],[-57.904908,-34.968443],[-57.905929,-34.969358],[-57.908245,-34.971476],[-57.907086,-34.972334],[-57.905306,-34.97365],[-57.901972,-34.976117],[-57.901063,-34.97679],[-57.899777,-34.977741],[-57.899101,-34.978241],[-57.898582,-34.978625]]]},"properties":{"Código":99899818,"Nombre":"Altos de San Lorenzo","Código de provincia":6,"Nombre de provincia":"Buenos Aires","Código de departamento":6441,"Nombre de departamento":"La Plata","Superficie en km2":19.851811659132,"Latitud del centroide":-34.967905,"Longitud del centroide":-57.923036}},{"type":"Feature","geometry":{"type":"Polygon","coordinates":[[[-57.798769,-34.999679],[-57.809782,-34.991444],[-57.809975,-34.991323],[-57.810177,-34.991174],[-57.81035,-34.991045],[-57.810546,-34.990922],[-57.810855,-34.990642],[-57.8109,-34.990617],[-57.810953,-34.990614],[-57.811023,-34.990643],[-57.811093,-34.990704],[-57.811383,-34.990966],[-57.812008,-34.991423],[-57.812489,-34.991889],[-57.812592,-34.992029],[-57.812657,-34.992084],[-57.812766,-34.992096],[-57.812897,-34.992077],[-57.813031,-34.992026],[-57.81317,-34.991962],[-57.813268,-34.991866],[-57.813401,-34.991767],[-57.813788,-34.991455],[-57.813954,-34.991355],[-57.814181,-34.991166],[-57.814389,-34.991032],[-57.814603,-34.990919],[-57.814735,-34.990778],[-57.81529,-34.990404],[-57.815415,-34.990297],[-57.815694,-34.990091],[-57.81583,-34.989976],[-57.816017,-34.989846],[-57.816084,-34.989793],[-57.816195,-34.989668],[-57.820743,-34.986324],[-57.820895,-34.986184],[-57.82113,-34.985914],[-57.821271,-34.98579],[-57.824114,-34.983649],[-57.824235,-34.983571],[-57.824469,-34.983474],[-57.824639,-34.983432],[-57.824771,-34.983364],[-57.836447,-34.974569],[-57.842971,-34.969741],[-57.845598,-34.972139],[-57.845903,-34.972422],[-57.846511,-34.972985],[-57.846812,-34.973265],[-57.847252,-34.973672],[-57.847656,-34.974046],[-57.849276,-34.975519],[-57.852919,-34.97883],[-57.853887,-34.97971],[-57.855149,-34.980839],[-57.855846,-34.981471],[-57.856628,-34.98218],[-57.858171,-34.983581],[-57.858942,-34.984281],[-57.859671,-34.984942],[-57.8604,-34.985603],[-57.861122,-34.986258],[-57.861818,-34.98689],[-57.862541,-34.987546],[-57.862941,-34.987925],[-57.863273,-34.98823],[-57.863972,-34.988885],[-57.86468,-34.989542],[-57.865435,-34.990228],[-57.866143,-34.990839],[-57.866841,-34.991507],[-57.867624,-34.992213],[-57.868363,-34.992881],[-57.869072,-34.99352],[-57.869729,-34.994113],[-57.871204,-34.995449],[-57.873429,-34.997484],[-57.874014,-34.997062],[-57.87717,-34.999895],[-57.877778,-35.00044],[-57.881408,-35.00383],[-57.881488,-35.003911],[-57.884524,-35.006644],[-57.88678,-35.008735],[-57.889387,-35.011152],[-57.897614,-35.018904],[-57.89788,-35.018942],[-57.898059,-35.019077],[-57.898123,-35.019203],[-57.898184,-35.019814],[-57.898172,-35.019966],[-57.898046,-35.020156],[-57.898006,-35.020333],[-57.898033,-35.02054],[-57.898119,-35.020796],[-57.89826,-35.020941],[-57.898656,-35.021244],[-57.898786,-35.021399],[-57.898887,-35.021629],[-57.89892,-35.021922],[-57.898876,-35.02222],[-57.898719,-35.022644],[-57.898681,-35.022881],[-57.898699,-35.023123],[-57.898884,-35.023724],[-57.898992,-35.023876],[-57.899116,-35.023969],[-57.899317,-35.024027],[-57.899624,-35.024047],[-57.89988,-35.024],[-57.900308,-35.023876],[-57.900584,-35.023838],[-57.901264,-35.023847],[-57.901714,-35.023806],[-57.901932,-35.023726],[-57.902182,-35.023557],[-57.902388,-35.02331],[-57.902695,-35.023066],[-57.90291,-35.022941],[-57.903212,-35.022858],[-57.903976,-35.022764],[-57.904277,-35.022751],[-57.904522,-35.022787],[-57.904816,-35.022904],[-57.905058,-35.023112],[-57.905378,-35.023638],[-57.905608,-35.023855],[-57.905673,-35.023887],[-57.905741,-35.02389],[-57.90592,-35.023887],[-57.906049,-35.023905],[-57.906215,-35.023955],[-57.906393,-35.024038],[-57.906565,-35.024179],[-57.906758,-35.024467],[-57.906789,-35.024589],[-57.906755,-35.02471],[-57.906801,-35.024818],[-57.906922,-35.024919],[-57.907115,-35.025003],[-57.907363,-35.025029],[-57.907589,-35.024997],[-57.908573,-35.024614],[-57.908753,-35.024593],[-57.908878,-35.024609],[-57.909041,-35.024684],[-57.909199,-35.024716],[-57.90959,-35.024835],[-57.909872,-35.024913],[-57.910235,-35.024959],[-57.910633,-35.025045],[-57.910951,-35.025168],[-57.911087,-35.025161],[-57.911382,-35.025108],[-57.911682,-35.02515],[-57.912241,-35.025368],[-57.912854,-35.025556],[-57.913121,-35.025693],[-57.91358,-35.025863],[-57.914033,-35.026016],[-57.914323,-35.026025],[-57.914571,-35.025987],[-57.914897,-35.02594],[-57.915266,-35.025987],[-57.915585,-35.026075],[-57.915841,-35.026245],[-57.916105,-35.026437],[-57.916307,-35.026654],[-57.916354,-35.026732],[-57.916447,-35.026887],[-57.916535,-35.027205],[-57.916768,-35.027597],[-57.917065,-35.02791],[-57.917765,-35.028414],[-57.917834,-35.028334],[-57.919095,-35.026877],[-57.919352,-35.026508],[-57.919395,-35.0262],[-57.919395,-35.025884],[-57.917679,-35.019769],[-57.917507,-35.019488],[-57.91526,-35.01745],[-57.918378,-35.015081],[-57.922779,-35.011815],[-57.915164,-35.00465],[-57.918579,-35.002161],[-57.92062,-35.000658],[-57.923391,-34.998544],[-57.919998,-34.99543],[-57.915816,-34.991592],[-57.91359,-34.993253],[-57.913408,-34.993388],[-57.911637,-34.994687],[-57.910985,-34.995196],[-57.909429,-34.996348],[-57.908723,-34.996865],[-57.907218,-34.997967],[-57.907042,-34.998096],[-57.905417,-34.999287],[-57.905005,-34.999596],[-57.901208,-35.002442],[-57.900569,-35.002905],[-57.900455,-35.002978],[-57.900369,-35.003015],[-57.900233,-35.003063],[-57.900069,-35.003239],[-57.899961,-35.003309],[-57.899821,-35.003372],[-57.899502,-35.003002],[-57.899335,-35.002899],[-57.899191,-35.002778],[-57.898987,-35.002589],[-57.898214,-35.001862],[-57.897428,-35.00116],[-57.89625,-35.000078],[-57.894938,-34.998877],[-57.894211,-34.998212],[-57.892561,-34.996702],[-57.892208,-34.99638],[-57.892056,-34.996245],[-57.892233,-34.996114],[-57.897995,-34.991878],[-57.89857,-34.991508],[-57.898618,-34.991431],[-57.891106,-34.984437],[-57.890878,-34.984572],[-57.890821,-34.984528],[-57.885809,-34.979863],[-57.884699,-34.978869],[-57.883532,-34.977825],[-57.880713,-34.975254],[-57.878068,-34.97278],[-57.87769,-34.972433],[-57.87731,-34.972086],[-57.87691,-34.971719],[-57.876544,-34.971384],[-57.876111,-34.970986],[-57.875701,-34.97061],[-57.875676,-34.970585],[-57.875387,-34.970804],[-57.87494,-34.970384],[-57.874533,-34.970016],[-57.874087,-34.969614],[-57.873703,-34.969269],[-57.873633,-34.969206],[-57.873009,-34.968653],[-57.872674,-34.968343],[-57.872394,-34.968099],[-57.872283,-34.968006],[-57.870789,-34.966641],[-57.87017,-34.966076],[-57.869335,-34.965293],[-57.869183,-34.965155],[-57.860214,-34.957023],[-57.855527,-34.960434],[-57.855457,-34.960362],[-57.853474,-34.958332],[-57.850123,-34.954903],[-57.848587,-34.953391],[-57.846825,-34.951623],[-57.845157,-34.949995],[-57.843529,-34.94821],[-57.843389,-34.948062],[-57.842128,-34.948766],[-57.841439,-34.949107],[-57.840827,-34.949347],[-57.840159,-34.949594],[-57.839907,-34.949683],[-57.838721,-34.950091],[-57.837346,-34.950569],[-57.83668,-34.950805],[-57.833888,-34.951777],[-57.833835,-34.951796],[-57.833667,-34.951854],[-57.832157,-34.952378],[-57.828595,-34.953746],[-57.828014,-34.953955],[-57.824215,-34.955508],[-57.823711,-34.955688],[-57.823497,-34.955776],[-57.821145,-34.956739],[-57.816608,-34.958557],[-57.816491,-34.958604],[-57.804317,-34.963916],[-57.803988,-34.964032],[-57.803635,-34.964132],[-57.803303,-34.964195],[-57.802928,-34.964223],[-57.802577,-34.964236],[-57.80222,-34.964234],[-57.793824,-34.963584],[-57.784724,-34.962768],[-57.784228,-34.962691],[-57.7837,-34.96255],[-57.777973,-34.960541],[-57.777239,-34.960288],[-57.776724,-34.960098],[-57.776423,-34.959987],[-57.776295,-34.95994],[-57.772637,-34.958641],[-57.772352,-34.958563],[-57.772031,-34.95849],[-57.771691,-34.958435],[-57.771417,-34.958407],[-57.771024,-34.958391],[-57.770728,-34.958399],[-57.770286,-34.95844],[-57.769898,-34.958505],[-57.769546,-34.958584],[-57.769283,-34.958668],[-57.769022,-34.958761],[-57.768803,-34.958854],[-57.768497,-34.959005],[-57.768263,-34.959146],[-57.767954,-34.959348],[-57.766228,-34.960634],[-57.764131,-34.962189],[-57.758891,-34.96609],[-57.758464,-34.966419],[-57.75814,-34.966688],[-57.757825,-34.966986],[-57.757565,-34.967264],[-57.757303,-34.967573],[-57.756979,-34.967997],[-57.756728,-34.96838],[-57.756384,-34.968916],[-57.754586,-34.971688],[-57.789298,-35.004158],[-57.789367,-35.004223],[-57.796188,-35.001537],[-57.798386,-34.999965],[-57.798769,-34.999679]]]},"properties":{"Código":99899817,"Nombre":"Eduardo Arana","Código de provincia":6,"Nombre de provincia":"Buenos Aires","Código de departamento":6441,"Nombre de departamento":"La Plata","Superficie en km2":45.711250104521,"Latitud del centroide":-34.981884,"Longitud del centroide":-57.836744}},{"type":"Feature","geometry":{"type":"Polygon","coordinates":[[[-57.991963,-34.95548],[-57.991858,-34.955382],[-57.990948,-34.95455],[-57.989976,-34.953659],[-57.988938,-34.952715],[-57.987924,-34.951784],[-57.98727,-34.951203],[-57.987218,-34.951153],[-57.987166,-34.951101],[-57.987129,-34.951066],[-57.986902,-34.950864],[-57.985937,-34.949941],[-57.98585,-34.949859],[-57.984825,-34.948956],[-57.983787,-34.948013],[-57.982771,-34.947106],[-57.981748,-34.946184],[-57.981287,-34.945756],[-57.980741,-34.94525],[-57.979669,-34.94429],[-57.979092,-34.943752],[-57.978622,-34.943339],[-57.977617,-34.942426],[-57.976612,-34.941496],[-57.975623,-34.94059],[-57.97462,-34.939657],[-57.973562,-34.938678],[-57.97298,-34.939102],[-57.972607,-34.939381],[-57.972448,-34.939469],[-57.972301,-34.939533],[-57.971765,-34.939715],[-57.971495,-34.939792],[-57.971322,-34.939843],[-57.971142,-34.939911],[-57.970968,-34.939998],[-57.970763,-34.940119],[-57.970249,-34.940513],[-57.96991,-34.940765],[-57.969735,-34.940913],[-57.969421,-34.941137],[-57.9686,-34.941722],[-57.968513,-34.941783],[-57.968467,-34.941818],[-57.967413,-34.942625],[-57.967321,-34.942707],[-57.967266,-34.94279],[-57.967234,-34.942861],[-57.967208,-34.942948],[-57.967201,-34.943063],[-57.967215,-34.943166],[-57.967236,-34.943246],[-57.967241,-34.943284],[-57.967221,-34.943401],[-57.967168,-34.943501],[-57.966962,-34.943687],[-57.966804,-34.943808],[-57.966696,-34.943885],[-57.966195,-34.944241],[-57.965676,-34.944609],[-57.965582,-34.944672],[-57.964511,-34.945478],[-57.964443,-34.945526],[-57.964409,-34.945553],[-57.964108,-34.945777],[-57.963707,-34.946067],[-57.963322,-34.946352],[-57.963298,-34.94637],[-57.962221,-34.947175],[-57.962203,-34.947189],[-57.962152,-34.947226],[-57.96106,-34.948036],[-57.960022,-34.948776],[-57.959905,-34.948871],[-57.95882,-34.949664],[-57.958723,-34.949729],[-57.958337,-34.949942],[-57.957966,-34.950156],[-57.957976,-34.950281],[-57.957577,-34.950577],[-57.956463,-34.951425],[-57.95536,-34.952264],[-57.954237,-34.953054],[-57.953352,-34.953714],[-57.953308,-34.953723],[-57.953259,-34.953725],[-57.953137,-34.953709],[-57.953032,-34.95393],[-57.959186,-34.959546],[-57.95801,-34.960407],[-57.95686,-34.961257],[-57.956028,-34.961879],[-57.955242,-34.962467],[-57.954155,-34.963275],[-57.953096,-34.964062],[-57.952572,-34.964452],[-57.952031,-34.964855],[-57.951536,-34.965235],[-57.950966,-34.965677],[-57.950263,-34.96622],[-57.949556,-34.966766],[-57.948841,-34.967289],[-57.947757,-34.968082],[-57.946963,-34.968667],[-57.945584,-34.969684],[-57.944529,-34.970462],[-57.943494,-34.971254],[-57.942847,-34.971705],[-57.942161,-34.972101],[-57.941684,-34.972432],[-57.941447,-34.972623],[-57.939744,-34.973888],[-57.939164,-34.974319],[-57.936416,-34.976334],[-57.931389,-34.980043],[-57.930779,-34.980495],[-57.929897,-34.981153],[-57.928999,-34.981823],[-57.92753,-34.982908],[-57.927368,-34.983027],[-57.926864,-34.9834],[-57.926739,-34.983492],[-57.926271,-34.983833],[-57.925999,-34.984039],[-57.925343,-34.984533],[-57.92417,-34.985403],[-57.920834,-34.987876],[-57.919192,-34.989092],[-57.919101,-34.989159],[-57.918247,-34.989792],[-57.917814,-34.990113],[-57.917566,-34.990296],[-57.917242,-34.990536],[-57.915816,-34.991592],[-57.919998,-34.99543],[-57.923391,-34.998544],[-57.92062,-35.000658],[-57.918579,-35.002161],[-57.915164,-35.00465],[-57.922779,-35.011815],[-57.918378,-35.015081],[-57.91526,-35.01745],[-57.917507,-35.019488],[-57.917679,-35.019769],[-57.919395,-35.025884],[-57.919395,-35.0262],[-57.919352,-35.026508],[-57.919095,-35.026877],[-57.917834,-35.028334],[-57.917765,-35.028414],[-57.917065,-35.02791],[-57.916768,-35.027597],[-57.916535,-35.027205],[-57.916447,-35.026887],[-57.916354,-35.026732],[-57.916307,-35.026654],[-57.916105,-35.026437],[-57.915841,-35.026245],[-57.915585,-35.026075],[-57.915266,-35.025987],[-57.914897,-35.02594],[-57.914571,-35.025987],[-57.914323,-35.026025],[-57.914033,-35.026016],[-57.91358,-35.025863],[-57.913121,-35.025693],[-57.912854,-35.025556],[-57.912241,-35.025368],[-57.911682,-35.02515],[-57.911382,-35.025108],[-57.911087,-35.025161],[-57.910951,-35.025168],[-57.910633,-35.025045],[-57.910235,-35.024959],[-57.909872,-35.024913],[-57.90959,-35.024835],[-57.909199,-35.024716],[-57.909041,-35.024684],[-57.908878,-35.024609],[-57.908753,-35.024593],[-57.908573,-35.024614],[-57.907589,-35.024997],[-57.907363,-35.025029],[-57.907115,-35.025003],[-57.906922,-35.024919],[-57.906801,-35.024818],[-57.906755,-35.02471],[-57.906789,-35.024589],[-57.906758,-35.024467],[-57.906565,-35.024179],[-57.906393,-35.024038],[-57.906215,-35.023955],[-57.906049,-35.023905],[-57.90592,-35.023887],[-57.905741,-35.02389],[-57.905673,-35.023887],[-57.905608,-35.023855],[-57.905378,-35.023638],[-57.905058,-35.023112],[-57.904816,-35.022904],[-57.904522,-35.022787],[-57.904277,-35.022751],[-57.903976,-35.022764],[-57.903212,-35.022858],[-57.90291,-35.022941],[-57.902695,-35.023066],[-57.902388,-35.02331],[-57.902182,-35.023557],[-57.901932,-35.023726],[-57.901714,-35.023806],[-57.901264,-35.023847],[-57.900584,-35.023838],[-57.900308,-35.023876],[-57.89988,-35.024],[-57.899624,-35.024047],[-57.899317,-35.024027],[-57.899116,-35.023969],[-57.898992,-35.023876],[-57.898884,-35.023724],[-57.898699,-35.023123],[-57.898681,-35.022881],[-57.898719,-35.022644],[-57.898876,-35.02222],[-57.89892,-35.021922],[-57.898887,-35.021629],[-57.898786,-35.021399],[-57.898656,-35.021244],[-57.89826,-35.020941],[-57.898119,-35.020796],[-57.898033,-35.02054],[-57.898006,-35.020333],[-57.898046,-35.020156],[-57.898172,-35.019966],[-57.898184,-35.019814],[-57.898123,-35.019203],[-57.898059,-35.019077],[-57.89788,-35.018942],[-57.897614,-35.018904],[-57.897221,-35.018861],[-57.897079,-35.018863],[-57.896969,-35.018889],[-57.896886,-35.018904],[-57.896848,-35.018897],[-57.896796,-35.018871],[-57.896754,-35.018855],[-57.896718,-35.01885],[-57.896682,-35.018859],[-57.896666,-35.01887],[-57.896651,-35.018888],[-57.896645,-35.018911],[-57.896647,-35.018945],[-57.896658,-35.01898],[-57.896661,-35.018998],[-57.89665,-35.019019],[-57.896628,-35.019032],[-57.896602,-35.019037],[-57.896546,-35.019039],[-57.896491,-35.019045],[-57.896452,-35.019059],[-57.896407,-35.019079],[-57.89638,-35.019094],[-57.896333,-35.019108],[-57.896284,-35.019114],[-57.896232,-35.019129],[-57.89618,-35.019151],[-57.896144,-35.019166],[-57.896115,-35.019172],[-57.896081,-35.019186],[-57.895964,-35.019226],[-57.895876,-35.019262],[-57.895822,-35.01928],[-57.895774,-35.019291],[-57.895727,-35.019297],[-57.895654,-35.01929],[-57.895563,-35.019273],[-57.895458,-35.019272],[-57.895376,-35.019286],[-57.895325,-35.019319],[-57.89529,-35.019342],[-57.895256,-35.01935],[-57.89521,-35.01935],[-57.895146,-35.019338],[-57.895093,-35.019333],[-57.895053,-35.019342],[-57.895018,-35.019362],[-57.894958,-35.019362],[-57.894848,-35.019363],[-57.894786,-35.019364],[-57.894597,-35.01938],[-57.894423,-35.019366],[-57.894323,-35.019348],[-57.894247,-35.019314],[-57.894094,-35.019201],[-57.894028,-35.019123],[-57.893971,-35.019042],[-57.89393,-35.018999],[-57.89383,-35.018927],[-57.893648,-35.018831],[-57.893503,-35.018753],[-57.893445,-35.018699],[-57.893388,-35.018636],[-57.893316,-35.018588],[-57.893242,-35.018549],[-57.893149,-35.018528],[-57.893039,-35.018521],[-57.892942,-35.018522],[-57.892873,-35.01854],[-57.892807,-35.018575],[-57.892735,-35.018627],[-57.892672,-35.018675],[-57.892631,-35.018722],[-57.892583,-35.018797],[-57.892548,-35.018856],[-57.892439,-35.019012],[-57.892369,-35.019111],[-57.892307,-35.019158],[-57.892222,-35.019202],[-57.892106,-35.019241],[-57.892043,-35.019243],[-57.891958,-35.019235],[-57.891821,-35.019185],[-57.891317,-35.018946],[-57.891009,-35.018875],[-57.890907,-35.01888],[-57.890836,-35.018896],[-57.890767,-35.018917],[-57.890727,-35.018951],[-57.890681,-35.019032],[-57.890635,-35.019063],[-57.890563,-35.019066],[-57.890497,-35.01905],[-57.89045,-35.019008],[-57.890196,-35.018841],[-57.890045,-35.018774],[-57.889977,-35.018716],[-57.889814,-35.01857],[-57.889659,-35.018504],[-57.889531,-35.018468],[-57.889446,-35.018459],[-57.889245,-35.018461],[-57.888911,-35.01849],[-57.888721,-35.018496],[-57.888553,-35.018483],[-57.888425,-35.018462],[-57.888072,-35.018407],[-57.88797,-35.018408],[-57.887675,-35.018434],[-57.88747,-35.018441],[-57.88714,-35.018416],[-57.886892,-35.018372],[-57.886651,-35.018287],[-57.886486,-35.018233],[-57.886371,-35.01821],[-57.886317,-35.018209],[-57.886243,-35.018231],[-57.886204,-35.018271],[-57.886188,-35.018304],[-57.886178,-35.018367],[-57.88618,-35.018462],[-57.88617,-35.018498],[-57.886136,-35.018522],[-57.886043,-35.01855],[-57.885902,-35.018582],[-57.885783,-35.018593],[-57.885689,-35.018606],[-57.885498,-35.018652],[-57.885332,-35.018718],[-57.885225,-35.018746],[-57.885143,-35.018747],[-57.885029,-35.018723],[-57.884991,-35.018712],[-57.884944,-35.018713],[-57.884922,-35.018718],[-57.884876,-35.018753],[-57.884845,-35.018766],[-57.884822,-35.018766],[-57.884794,-35.01876],[-57.884706,-35.018725],[-57.884659,-35.018717],[-57.884627,-35.018717],[-57.884551,-35.018755],[-57.884502,-35.018812],[-57.884392,-35.018993],[-57.884278,-35.019086],[-57.884176,-35.019166],[-57.884116,-35.019193],[-57.884049,-35.019197],[-57.883956,-35.01916],[-57.883909,-35.019151],[-57.883837,-35.019143],[-57.883779,-35.019135],[-57.88373,-35.019109],[-57.883625,-35.019084],[-57.883543,-35.019083],[-57.883488,-35.019097],[-57.883421,-35.019123],[-57.883394,-35.019151],[-57.883361,-35.019225],[-57.883327,-35.019268],[-57.883251,-35.019313],[-57.883177,-35.019351],[-57.883117,-35.019373],[-57.883044,-35.019386],[-57.882903,-35.019391],[-57.882834,-35.019405],[-57.882746,-35.019453],[-57.882652,-35.019505],[-57.882592,-35.019542],[-57.882549,-35.019577],[-57.882523,-35.019632],[-57.8825,-35.019688],[-57.882479,-35.019705],[-57.882436,-35.019722],[-57.882379,-35.019736],[-57.882306,-35.019725],[-57.882159,-35.019718],[-57.882078,-35.019724],[-57.882014,-35.019738],[-57.881772,-35.01982],[-57.881613,-35.019918],[-57.88142,-35.020038],[-57.881172,-35.020139],[-57.880983,-35.020209],[-57.880921,-35.020238],[-57.880848,-35.020308],[-57.880765,-35.020437],[-57.880642,-35.020578],[-57.880582,-35.020638],[-57.880529,-35.020669],[-57.880444,-35.020704],[-57.880299,-35.020758],[-57.880181,-35.020819],[-57.880068,-35.020908],[-57.879989,-35.02098],[-57.879922,-35.021093],[-57.879862,-35.021162],[-57.87981,-35.021205],[-57.879605,-35.021413],[-57.879551,-35.021454],[-57.87949,-35.021485],[-57.879441,-35.021521],[-57.879423,-35.021551],[-57.879426,-35.021603],[-57.879443,-35.021647],[-57.879499,-35.021699],[-57.879593,-35.021807],[-57.879606,-35.021861],[-57.879608,-35.021924],[-57.87959,-35.022004],[-57.879542,-35.022104],[-57.87949,-35.022158],[-57.879427,-35.022193],[-57.879361,-35.022202],[-57.879311,-35.022224],[-57.879279,-35.022254],[-57.879248,-35.0223],[-57.87919,-35.02245],[-57.879134,-35.022578],[-57.879102,-35.02267],[-57.879096,-35.022755],[-57.879127,-35.022879],[-57.879223,-35.02324],[-57.879259,-35.0233],[-57.879485,-35.023505],[-57.879549,-35.023573],[-57.879603,-35.023669],[-57.879669,-35.023907],[-57.879671,-35.023959],[-57.879658,-35.024011],[-57.879565,-35.024202],[-57.879479,-35.024319],[-57.879272,-35.024593],[-57.879229,-35.02467],[-57.879206,-35.024735],[-57.879147,-35.025198],[-57.879154,-35.025316],[-57.879143,-35.02544],[-57.879128,-35.025685],[-57.879102,-35.025781],[-57.879061,-35.025867],[-57.87893,-35.026025],[-57.878785,-35.026186],[-57.878676,-35.026305],[-57.878578,-35.026376],[-57.878439,-35.026481],[-57.87827,-35.026558],[-57.878095,-35.026625],[-57.877961,-35.026676],[-57.877715,-35.026771],[-57.877485,-35.026888],[-57.877155,-35.02705],[-57.876954,-35.02713],[-57.87687,-35.027175],[-57.8767,-35.027281],[-57.876634,-35.027304],[-57.876578,-35.027312],[-57.876534,-35.027328],[-57.876505,-35.027355],[-57.876484,-35.027403],[-57.876487,-35.027509],[-57.876498,-35.02765],[-57.87648,-35.027767],[-57.876436,-35.02789],[-57.876311,-35.028074],[-57.876157,-35.028243],[-57.875964,-35.028415],[-57.875812,-35.028512],[-57.87562,-35.0286],[-57.875481,-35.028647],[-57.875296,-35.028677],[-57.874884,-35.028733],[-57.87478,-35.028742],[-57.874677,-35.028745],[-57.874587,-35.028726],[-57.874504,-35.028694],[-57.874432,-35.028658],[-57.874313,-35.028543],[-57.874222,-35.028433],[-57.874156,-35.028374],[-57.874077,-35.028326],[-57.874033,-35.028308],[-57.873961,-35.028297],[-57.873874,-35.028298],[-57.873694,-35.02829],[-57.873607,-35.028289],[-57.873512,-35.028314],[-57.873147,-35.028468],[-57.873022,-35.028511],[-57.872849,-35.028537],[-57.872737,-35.028566],[-57.872611,-35.028644],[-57.872425,-35.028797],[-57.872406,-35.028833],[-57.872397,-35.028883],[-57.872393,-35.028982],[-57.872374,-35.029041],[-57.872337,-35.029071],[-57.872219,-35.029119],[-57.87203,-35.029243],[-57.871935,-35.029319],[-57.871831,-35.029345],[-57.871702,-35.02936],[-57.871338,-35.029411],[-57.871248,-35.029436],[-57.871159,-35.029471],[-57.871106,-35.029514],[-57.871,-35.02965],[-57.870889,-35.029786],[-57.870802,-35.029838],[-57.870725,-35.029859],[-57.870654,-35.029864],[-57.870485,-35.029884],[-57.870274,-35.029906],[-57.869755,-35.029964],[-57.86961,-35.029995],[-57.869392,-35.030084],[-57.869266,-35.030111],[-57.869139,-35.03011],[-57.869024,-35.030099],[-57.868875,-35.030062],[-57.868268,-35.029875],[-57.867992,-35.029765],[-57.867648,-35.029563],[-57.867125,-35.029245],[-57.866747,-35.028977],[-57.866411,-35.028675],[-57.866236,-35.028502],[-57.866006,-35.028224],[-57.86225,-35.051852],[-57.855805,-35.056273],[-57.851231,-35.059415],[-57.853081,-35.061025],[-57.855768,-35.063363],[-57.85984,-35.066943],[-57.866039,-35.072422],[-57.866587,-35.07288],[-57.876952,-35.081898],[-57.878721,-35.083483],[-57.880475,-35.085019],[-57.884827,-35.0888],[-57.889586,-35.092935],[-57.88965,-35.092994],[-57.893801,-35.096434],[-57.901108,-35.102495],[-57.90297,-35.104039],[-57.905725,-35.106324],[-57.905786,-35.106374],[-57.907418,-35.107728],[-57.908635,-35.108737],[-57.912213,-35.11195],[-57.917021,-35.111131],[-57.917931,-35.110976],[-57.91841,-35.110866],[-57.918889,-35.110745],[-57.919363,-35.110596],[-57.919808,-35.110435],[-57.920364,-35.110188],[-57.920838,-35.10993],[-57.921336,-35.109628],[-57.921787,-35.109322],[-57.933218,-35.100335],[-57.934414,-35.099239],[-57.935706,-35.097769],[-57.937161,-35.096112],[-57.938552,-35.094529],[-57.938844,-35.094197],[-57.940684,-35.092463],[-57.946153,-35.087309],[-57.946287,-35.087183],[-57.949529,-35.084109],[-57.949748,-35.083897],[-57.950429,-35.083221],[-57.953429,-35.080289],[-57.95653,-35.07727],[-57.957701,-35.076168],[-57.957723,-35.076146],[-57.961408,-35.072488],[-57.963289,-35.070638],[-57.963997,-35.069964],[-57.964579,-35.069364],[-57.966684,-35.067352],[-57.967715,-35.066312],[-57.968304,-35.065659],[-57.96895,-35.064876],[-57.968965,-35.064855],[-57.969559,-35.064026],[-57.970153,-35.063161],[-57.970278,-35.062989],[-57.970779,-35.062304],[-57.971317,-35.061584],[-57.97419,-35.057619],[-57.974546,-35.057128],[-57.97552,-35.055826],[-57.976838,-35.054041],[-57.976906,-35.053943],[-57.978822,-35.051351],[-57.979115,-35.050917],[-57.979565,-35.050249],[-57.979712,-35.050024],[-57.979884,-35.049762],[-57.982454,-35.045539],[-57.982847,-35.04488],[-57.983244,-35.044172],[-57.98336,-35.043993],[-57.983432,-35.043881],[-57.983519,-35.043709],[-57.987185,-35.037609],[-57.987425,-35.037205],[-57.987455,-35.037156],[-57.989589,-35.033578],[-57.990071,-35.03277],[-57.990386,-35.032242],[-57.992881,-35.02806],[-57.99373,-35.026646],[-57.994045,-35.026156],[-57.994233,-35.02591],[-57.994467,-35.025614],[-57.994623,-35.025435],[-57.994835,-35.025214],[-57.995104,-35.024965],[-57.995397,-35.024707],[-57.996133,-35.024124],[-57.9983,-35.022513],[-57.998537,-35.022333],[-57.999148,-35.021893],[-57.999807,-35.021401],[-58.000983,-35.020488],[-58.003034,-35.019005],[-58.007973,-35.015277],[-58.010444,-35.01348],[-58.01064,-35.01333],[-58.011461,-35.012716],[-58.014818,-35.010207],[-58.017409,-35.008234],[-58.018192,-35.007664],[-58.018724,-35.007276],[-58.020095,-35.006347],[-58.023213,-35.003962],[-58.028441,-35.000063],[-58.03123,-34.997991],[-58.031873,-34.997513],[-58.032454,-34.997081],[-58.033181,-34.996541],[-58.034184,-34.995796],[-58.035223,-34.99501],[-58.035338,-34.994927],[-58.033095,-34.992898],[-58.032091,-34.991976],[-58.030153,-34.990206],[-58.029054,-34.989201],[-58.022892,-34.983611],[-58.017254,-34.978477],[-58.016715,-34.977975],[-58.015651,-34.97703],[-58.013775,-34.975341],[-58.010567,-34.972347],[-58.006523,-34.968642],[-58.004427,-34.966714],[-58.002287,-34.964866],[-57.998228,-34.961115],[-57.997164,-34.960175],[-57.99611,-34.959253],[-57.995083,-34.958352],[-57.995179,-34.958266],[-57.993213,-34.956486],[-57.993126,-34.956426],[-57.993053,-34.956372],[-57.9922,-34.955621],[-57.992133,-34.955574],[-57.992068,-34.955547],[-57.99202,-34.955523],[-57.991963,-34.95548]]]},"properties":{"Código":99899816,"Nombre":"Los Hornos","Código de provincia":6,"Nombre de provincia":"Buenos Aires","Código de departamento":6441,"Nombre de departamento":"La Plata","Superficie en km2":141.1317541097,"Latitud del centroide":-35.028221,"Longitud del centroide":-57.942592}},{"type":"Feature","geometry":{"type":"Polygon","coordinates":[[[-58.013141,-34.952141],[-58.011834,-34.95096],[-58.010642,-34.951841],[-58.010356,-34.952054],[-58.009538,-34.952677],[-58.008423,-34.953525],[-58.007307,-34.954341],[-58.006204,-34.955177],[-58.005077,-34.956017],[-58.004984,-34.956086],[-58.003404,-34.957252],[-58.002751,-34.957734],[-58.001602,-34.958587],[-58.000497,-34.959426],[-57.999383,-34.960247],[-57.999314,-34.960299],[-57.998326,-34.961041],[-57.998228,-34.961115],[-58.002287,-34.964866],[-58.004427,-34.966714],[-58.006523,-34.968642],[-58.010567,-34.972347],[-58.013775,-34.975341],[-58.015651,-34.97703],[-58.016715,-34.977975],[-58.017254,-34.978477],[-58.022892,-34.983611],[-58.029054,-34.989201],[-58.030153,-34.990206],[-58.032091,-34.991976],[-58.033095,-34.992898],[-58.035338,-34.994927],[-58.035223,-34.99501],[-58.034184,-34.995796],[-58.033181,-34.996541],[-58.032454,-34.997081],[-58.031873,-34.997513],[-58.03123,-34.997991],[-58.028441,-35.000063],[-58.023213,-35.003962],[-58.020095,-35.006347],[-58.018724,-35.007276],[-58.018192,-35.007664],[-58.017409,-35.008234],[-58.014818,-35.010207],[-58.011461,-35.012716],[-58.01064,-35.01333],[-58.010444,-35.01348],[-58.007973,-35.015277],[-58.003034,-35.019005],[-58.000983,-35.020488],[-57.999807,-35.021401],[-57.999148,-35.021893],[-57.998537,-35.022333],[-57.9983,-35.022513],[-57.996133,-35.024124],[-57.995397,-35.024707],[-57.995104,-35.024965],[-57.994835,-35.025214],[-57.994623,-35.025435],[-57.994467,-35.025614],[-57.994233,-35.02591],[-57.994045,-35.026156],[-57.99373,-35.026646],[-57.992881,-35.02806],[-57.990386,-35.032242],[-57.990071,-35.03277],[-57.989589,-35.033578],[-57.987455,-35.037156],[-57.987425,-35.037205],[-57.987185,-35.037609],[-57.983519,-35.043709],[-57.983432,-35.043881],[-57.98336,-35.043993],[-57.983244,-35.044172],[-57.982847,-35.04488],[-57.982454,-35.045539],[-57.979884,-35.049762],[-57.979712,-35.050024],[-57.979565,-35.050249],[-57.979115,-35.050917],[-57.978822,-35.051351],[-57.976906,-35.053943],[-57.976838,-35.054041],[-57.97552,-35.055826],[-57.974546,-35.057128],[-57.97419,-35.057619],[-57.971317,-35.061584],[-57.970779,-35.062304],[-57.970278,-35.062989],[-57.970153,-35.063161],[-57.969559,-35.064026],[-57.968965,-35.064855],[-57.96895,-35.064876],[-57.968304,-35.065659],[-57.967715,-35.066312],[-57.966684,-35.067352],[-57.964579,-35.069364],[-57.963997,-35.069964],[-57.963289,-35.070638],[-57.961408,-35.072488],[-57.957723,-35.076146],[-57.957701,-35.076168],[-57.95653,-35.07727],[-57.953429,-35.080289],[-57.950429,-35.083221],[-57.949748,-35.083897],[-57.949529,-35.084109],[-57.95866,-35.092267],[-57.964051,-35.097141],[-57.964113,-35.097198],[-57.964194,-35.097248],[-57.964384,-35.097429],[-57.964601,-35.097687],[-57.964691,-35.097759],[-57.965921,-35.098867],[-57.96602,-35.09897],[-57.966096,-35.098994],[-57.966134,-35.098993],[-57.966191,-35.098981],[-57.966255,-35.098955],[-57.974243,-35.092996],[-57.979053,-35.089393],[-57.989002,-35.081968],[-57.998517,-35.074882],[-58.008691,-35.067306],[-58.031184,-35.052799],[-58.028486,-35.050333],[-58.027598,-35.049786],[-58.024105,-35.046503],[-58.023118,-35.045614],[-58.022193,-35.044706],[-58.020981,-35.043566],[-58.021167,-35.043393],[-58.026458,-35.039238],[-58.02454,-35.037621],[-58.024403,-35.03741],[-58.021451,-35.034913],[-58.025884,-35.031536],[-58.028169,-35.029789],[-58.03037,-35.028105],[-58.032603,-35.026396],[-58.039395,-35.021319],[-58.039447,-35.021278],[-58.043774,-35.017984],[-58.046165,-35.016117],[-58.048503,-35.014413],[-58.052894,-35.011118],[-58.053021,-35.011007],[-58.053111,-35.010916],[-58.055312,-35.009336],[-58.05754,-35.007653],[-58.059834,-35.005922],[-58.059923,-35.005855],[-58.060478,-35.005438],[-58.060931,-35.005115],[-58.060973,-35.005085],[-58.061683,-35.004558],[-58.066478,-35.000994],[-58.06655,-35.000929],[-58.066638,-35.000832],[-58.061244,-34.995897],[-58.058182,-34.993085],[-58.057153,-34.992184],[-58.056121,-34.991237],[-58.055083,-34.990273],[-58.053006,-34.988385],[-58.052014,-34.987469],[-58.050668,-34.986226],[-58.050313,-34.985898],[-58.049022,-34.984715],[-58.04379,-34.979974],[-58.042732,-34.979017],[-58.043922,-34.978152],[-58.044498,-34.977733],[-58.045055,-34.977327],[-58.045222,-34.977206],[-58.046175,-34.976507],[-58.046744,-34.976082],[-58.047309,-34.975656],[-58.047856,-34.97524],[-58.048416,-34.974815],[-58.048817,-34.97451],[-58.048953,-34.974407],[-58.049569,-34.973969],[-58.047505,-34.972079],[-58.046978,-34.972507],[-58.046887,-34.972577],[-58.046353,-34.972974],[-58.045302,-34.973746],[-58.045245,-34.973786],[-58.045189,-34.973827],[-58.044107,-34.97462],[-58.043549,-34.975029],[-58.042968,-34.975454],[-58.042411,-34.975863],[-58.041844,-34.976278],[-58.040684,-34.977129],[-58.039827,-34.976342],[-58.039241,-34.97581],[-58.038682,-34.975299],[-58.038523,-34.975154],[-58.038391,-34.975033],[-58.036604,-34.973399],[-58.037177,-34.972973],[-58.037711,-34.972576],[-58.037679,-34.972546],[-58.037013,-34.971922],[-58.036319,-34.971868],[-58.036328,-34.971296],[-58.035911,-34.970898],[-58.035654,-34.970703],[-58.035096,-34.971107],[-58.034511,-34.971522],[-58.034462,-34.971471],[-58.032949,-34.970112],[-58.030407,-34.967803],[-58.024251,-34.962281],[-58.024173,-34.962224],[-58.024086,-34.962157],[-58.023111,-34.96125],[-58.022087,-34.960328],[-58.021103,-34.959393],[-58.020112,-34.958482],[-58.019127,-34.957591],[-58.01805,-34.956606],[-58.016703,-34.955381],[-58.013141,-34.952141]]]},"properties":{"Código":99899815,"Nombre":"Lisandro Olmos","Código de provincia":6,"Nombre de provincia":"Buenos Aires","Código de departamento":6441,"Nombre de departamento":"La Plata","Superficie en km2":49.174448047766,"Latitud del centroide":-35.030172,"Longitud del centroide":-58.009516}},{"type":"Feature","geometry":{"type":"Polygon","coordinates":[[[-58.093304,-35.02499],[-58.093146,-35.024924],[-58.092696,-35.024584],[-58.092097,-35.024014],[-58.09126,-35.023218],[-58.09042,-35.022418],[-58.087787,-35.02001],[-58.085153,-35.017625],[-58.082506,-35.015224],[-58.079864,-35.012834],[-58.077195,-35.010447],[-58.076369,-35.009644],[-58.074627,-35.008015],[-58.071956,-35.005651],[-58.069322,-35.00325],[-58.066771,-35.000927],[-58.066638,-35.000832],[-58.06655,-35.000929],[-58.066478,-35.000994],[-58.061683,-35.004558],[-58.060973,-35.005085],[-58.060931,-35.005115],[-58.060478,-35.005438],[-58.059923,-35.005855],[-58.059834,-35.005922],[-58.05754,-35.007653],[-58.055312,-35.009336],[-58.053111,-35.010916],[-58.053021,-35.011007],[-58.052894,-35.011118],[-58.048503,-35.014413],[-58.046165,-35.016117],[-58.043774,-35.017984],[-58.039447,-35.021278],[-58.039395,-35.021319],[-58.032603,-35.026396],[-58.03037,-35.028105],[-58.028169,-35.029789],[-58.025884,-35.031536],[-58.021451,-35.034913],[-58.024403,-35.03741],[-58.02454,-35.037621],[-58.026458,-35.039238],[-58.021167,-35.043393],[-58.020981,-35.043566],[-58.022193,-35.044706],[-58.023118,-35.045614],[-58.024105,-35.046503],[-58.027598,-35.049786],[-58.028486,-35.050333],[-58.031184,-35.052799],[-58.008691,-35.067306],[-57.998517,-35.074882],[-57.989002,-35.081968],[-57.979053,-35.089393],[-57.974243,-35.092996],[-57.966255,-35.098955],[-57.966191,-35.098981],[-57.966134,-35.098993],[-57.966096,-35.098994],[-57.96602,-35.09897],[-57.965921,-35.098867],[-57.964691,-35.097759],[-57.964601,-35.097687],[-57.964384,-35.097429],[-57.964194,-35.097248],[-57.964113,-35.097198],[-57.964051,-35.097141],[-57.95866,-35.092267],[-57.949529,-35.084109],[-57.946287,-35.087183],[-57.946153,-35.087309],[-57.940684,-35.092463],[-57.938844,-35.094197],[-57.938552,-35.094529],[-57.937161,-35.096112],[-57.935706,-35.097769],[-57.934414,-35.099239],[-57.933218,-35.100335],[-57.921787,-35.109322],[-57.921336,-35.109628],[-57.920838,-35.10993],[-57.920364,-35.110188],[-57.919808,-35.110435],[-57.919363,-35.110596],[-57.918889,-35.110745],[-57.91841,-35.110866],[-57.917931,-35.110976],[-57.917021,-35.111131],[-57.912213,-35.11195],[-57.91374,-35.113089],[-57.915513,-35.114551],[-57.91628,-35.115185],[-57.917792,-35.116433],[-57.918512,-35.117028],[-57.919158,-35.11756],[-57.925519,-35.122813],[-57.929743,-35.126302],[-57.931035,-35.127347],[-57.933586,-35.129474],[-57.939411,-35.13429],[-57.953119,-35.145652],[-57.955769,-35.147842],[-57.966102,-35.156377],[-57.967179,-35.157273],[-57.968301,-35.158201],[-57.968355,-35.15825],[-57.968404,-35.158299],[-57.968448,-35.15835],[-57.968486,-35.158405],[-57.968518,-35.158458],[-57.968541,-35.158513],[-57.968557,-35.15857],[-57.968569,-35.15863],[-57.968575,-35.158732],[-57.968571,-35.158812],[-57.968945,-35.159014],[-57.969244,-35.159167],[-57.969454,-35.159292],[-57.969927,-35.159615],[-57.970126,-35.159754],[-57.973623,-35.16275],[-57.974747,-35.163724],[-57.980217,-35.168382],[-57.980281,-35.168437],[-57.984861,-35.172376],[-57.990915,-35.177704],[-58.008195,-35.192954],[-58.014407,-35.198373],[-58.018764,-35.20215],[-58.01887,-35.202309],[-58.025078,-35.208173],[-58.027548,-35.210542],[-58.037853,-35.220375],[-58.042151,-35.22448],[-58.053451,-35.235314],[-58.05352,-35.23536],[-58.053643,-35.235395],[-58.053752,-35.2354],[-58.053874,-35.235363],[-58.055951,-35.233862],[-58.056159,-35.233696],[-58.057416,-35.232773],[-58.071287,-35.223081],[-58.074256,-35.221007],[-58.077284,-35.218851],[-58.067578,-35.210415],[-58.061507,-35.205167],[-58.055835,-35.200264],[-58.053641,-35.198368],[-58.050958,-35.196031],[-58.050722,-35.195825],[-58.046037,-35.191723],[-58.043635,-35.189646],[-58.041238,-35.187566],[-58.038186,-35.184942],[-58.035055,-35.182219],[-58.034951,-35.182127],[-58.018547,-35.1676],[-58.022314,-35.163316],[-58.024703,-35.160588],[-58.028849,-35.155956],[-58.029048,-35.155784],[-58.030665,-35.154017],[-58.030791,-35.153902],[-58.030948,-35.153781],[-58.039342,-35.147677],[-58.046007,-35.142709],[-58.046172,-35.142592],[-58.047836,-35.141384],[-58.048211,-35.141144],[-58.049257,-35.140328],[-58.05038,-35.139407],[-58.052207,-35.137971],[-58.052368,-35.137904],[-58.056198,-35.135024],[-58.059498,-35.132593],[-58.062702,-35.130234],[-58.062756,-35.130192],[-58.062876,-35.130098],[-58.063113,-35.129927],[-58.063925,-35.12934],[-58.063992,-35.129291],[-58.067967,-35.12631],[-58.068663,-35.125786],[-58.08479,-35.113629],[-58.092794,-35.107667],[-58.101641,-35.101075],[-58.101757,-35.101086],[-58.105987,-35.104964],[-58.106093,-35.105061],[-58.107746,-35.106515],[-58.107841,-35.106599],[-58.10994,-35.108505],[-58.110556,-35.108047],[-58.110691,-35.107953],[-58.110746,-35.107919],[-58.11325,-35.106016],[-58.122758,-35.09879],[-58.123966,-35.097871],[-58.129539,-35.093648],[-58.130986,-35.092563],[-58.134854,-35.089596],[-58.136575,-35.088262],[-58.136733,-35.088147],[-58.139365,-35.086148],[-58.141299,-35.0847],[-58.145018,-35.081855],[-58.145219,-35.08171],[-58.145249,-35.081681],[-58.145186,-35.08161],[-58.145126,-35.081523],[-58.145067,-35.08141],[-58.145017,-35.081296],[-58.144993,-35.081246],[-58.144961,-35.081191],[-58.144486,-35.080729],[-58.144212,-35.080487],[-58.143849,-35.080179],[-58.143379,-35.079801],[-58.1432,-35.079669],[-58.143112,-35.079605],[-58.142807,-35.079359],[-58.142587,-35.079175],[-58.132643,-35.070551],[-58.132095,-35.070085],[-58.131603,-35.069685],[-58.131118,-35.069303],[-58.130662,-35.068981],[-58.130039,-35.068547],[-58.129168,-35.067962],[-58.125286,-35.065563],[-58.124801,-35.065227],[-58.12433,-35.064827],[-58.123739,-35.064257],[-58.11158,-35.053034],[-58.108451,-35.05017],[-58.094162,-35.037007],[-58.092576,-35.035553],[-58.092621,-35.034675],[-58.092677,-35.033462],[-58.092763,-35.03217],[-58.09279,-35.031563],[-58.092805,-35.031266],[-58.092813,-35.030964],[-58.092835,-35.030507],[-58.092909,-35.029473],[-58.092975,-35.028514],[-58.093184,-35.025781],[-58.093358,-35.025187],[-58.093304,-35.02499]]]},"properties":{"Código":99899814,"Nombre":"Ángel Etcheverry","Código de provincia":6,"Nombre de provincia":"Buenos Aires","Código de departamento":6441,"Nombre de departamento":"La Plata","Superficie en km2":198.01841221773,"Latitud del centroide":-35.106353,"Longitud del centroide":-58.033165}},{"type":"Feature","geometry":{"type":"Polygon","coordinates":[[[-57.88678,-35.008735],[-57.884524,-35.006644],[-57.881488,-35.003911],[-57.881408,-35.00383],[-57.877778,-35.00044],[-57.87717,-34.999895],[-57.874014,-34.997062],[-57.873429,-34.997484],[-57.871204,-34.995449],[-57.869729,-34.994113],[-57.869072,-34.99352],[-57.868363,-34.992881],[-57.867624,-34.992213],[-57.866841,-34.991507],[-57.866143,-34.990839],[-57.865435,-34.990228],[-57.86468,-34.989542],[-57.863972,-34.988885],[-57.863273,-34.98823],[-57.862941,-34.987925],[-57.862541,-34.987546],[-57.861818,-34.98689],[-57.861122,-34.986258],[-57.8604,-34.985603],[-57.859671,-34.984942],[-57.858942,-34.984281],[-57.858171,-34.983581],[-57.856628,-34.98218],[-57.855846,-34.981471],[-57.855149,-34.980839],[-57.853887,-34.97971],[-57.852919,-34.97883],[-57.849276,-34.975519],[-57.847656,-34.974046],[-57.847252,-34.973672],[-57.846812,-34.973265],[-57.846511,-34.972985],[-57.845903,-34.972422],[-57.845598,-34.972139],[-57.842971,-34.969741],[-57.836447,-34.974569],[-57.824771,-34.983364],[-57.824639,-34.983432],[-57.824469,-34.983474],[-57.824235,-34.983571],[-57.824114,-34.983649],[-57.821271,-34.98579],[-57.82113,-34.985914],[-57.820895,-34.986184],[-57.820743,-34.986324],[-57.816195,-34.989668],[-57.816084,-34.989793],[-57.816017,-34.989846],[-57.81583,-34.989976],[-57.815694,-34.990091],[-57.815415,-34.990297],[-57.81529,-34.990404],[-57.814735,-34.990778],[-57.814603,-34.990919],[-57.814389,-34.991032],[-57.814181,-34.991166],[-57.813954,-34.991355],[-57.813788,-34.991455],[-57.813401,-34.991767],[-57.813268,-34.991866],[-57.81317,-34.991962],[-57.813031,-34.992026],[-57.812897,-34.992077],[-57.812766,-34.992096],[-57.812657,-34.992084],[-57.812592,-34.992029],[-57.812489,-34.991889],[-57.812008,-34.991423],[-57.811383,-34.990966],[-57.811093,-34.990704],[-57.811023,-34.990643],[-57.810953,-34.990614],[-57.8109,-34.990617],[-57.810855,-34.990642],[-57.810546,-34.990922],[-57.81035,-34.991045],[-57.810177,-34.991174],[-57.809975,-34.991323],[-57.809782,-34.991444],[-57.798769,-34.999679],[-57.798386,-34.999965],[-57.796188,-35.001537],[-57.789367,-35.004223],[-57.789436,-35.004328],[-57.789594,-35.004514],[-57.789728,-35.004646],[-57.795675,-35.010027],[-57.826918,-35.038286],[-57.826995,-35.038328],[-57.827044,-35.038354],[-57.827144,-35.038445],[-57.829024,-35.040156],[-57.83095,-35.041818],[-57.834438,-35.044834],[-57.837101,-35.047137],[-57.839011,-35.048789],[-57.839328,-35.049062],[-57.840021,-35.049662],[-57.841153,-35.05064],[-57.842348,-35.051674],[-57.844387,-35.053493],[-57.846791,-35.05558],[-57.847389,-35.056101],[-57.850507,-35.058788],[-57.851231,-35.059415],[-57.855805,-35.056273],[-57.86225,-35.051852],[-57.866006,-35.028224],[-57.866236,-35.028502],[-57.866411,-35.028675],[-57.866747,-35.028977],[-57.867125,-35.029245],[-57.867648,-35.029563],[-57.867992,-35.029765],[-57.868268,-35.029875],[-57.868875,-35.030062],[-57.869024,-35.030099],[-57.869139,-35.03011],[-57.869266,-35.030111],[-57.869392,-35.030084],[-57.86961,-35.029995],[-57.869755,-35.029964],[-57.870274,-35.029906],[-57.870485,-35.029884],[-57.870654,-35.029864],[-57.870725,-35.029859],[-57.870802,-35.029838],[-57.870889,-35.029786],[-57.871,-35.02965],[-57.871106,-35.029514],[-57.871159,-35.029471],[-57.871248,-35.029436],[-57.871338,-35.029411],[-57.871702,-35.02936],[-57.871831,-35.029345],[-57.871935,-35.029319],[-57.87203,-35.029243],[-57.872219,-35.029119],[-57.872337,-35.029071],[-57.872374,-35.029041],[-57.872393,-35.028982],[-57.872397,-35.028883],[-57.872406,-35.028833],[-57.872425,-35.028797],[-57.872611,-35.028644],[-57.872737,-35.028566],[-57.872849,-35.028537],[-57.873022,-35.028511],[-57.873147,-35.028468],[-57.873512,-35.028314],[-57.873607,-35.028289],[-57.873694,-35.02829],[-57.873874,-35.028298],[-57.873961,-35.028297],[-57.874033,-35.028308],[-57.874077,-35.028326],[-57.874156,-35.028374],[-57.874222,-35.028433],[-57.874313,-35.028543],[-57.874432,-35.028658],[-57.874504,-35.028694],[-57.874587,-35.028726],[-57.874677,-35.028745],[-57.87478,-35.028742],[-57.874884,-35.028733],[-57.875296,-35.028677],[-57.875481,-35.028647],[-57.87562,-35.0286],[-57.875812,-35.028512],[-57.875964,-35.028415],[-57.876157,-35.028243],[-57.876311,-35.028074],[-57.876436,-35.02789],[-57.87648,-35.027767],[-57.876498,-35.02765],[-57.876487,-35.027509],[-57.876484,-35.027403],[-57.876505,-35.027355],[-57.876534,-35.027328],[-57.876578,-35.027312],[-57.876634,-35.027304],[-57.8767,-35.027281],[-57.87687,-35.027175],[-57.876954,-35.02713],[-57.877155,-35.02705],[-57.877485,-35.026888],[-57.877715,-35.026771],[-57.877961,-35.026676],[-57.878095,-35.026625],[-57.87827,-35.026558],[-57.878439,-35.026481],[-57.878578,-35.026376],[-57.878676,-35.026305],[-57.878785,-35.026186],[-57.87893,-35.026025],[-57.879061,-35.025867],[-57.879102,-35.025781],[-57.879128,-35.025685],[-57.879143,-35.02544],[-57.879154,-35.025316],[-57.879147,-35.025198],[-57.879206,-35.024735],[-57.879229,-35.02467],[-57.879272,-35.024593],[-57.879479,-35.024319],[-57.879565,-35.024202],[-57.879658,-35.024011],[-57.879671,-35.023959],[-57.879669,-35.023907],[-57.879603,-35.023669],[-57.879549,-35.023573],[-57.879485,-35.023505],[-57.879259,-35.0233],[-57.879223,-35.02324],[-57.879127,-35.022879],[-57.879096,-35.022755],[-57.879102,-35.02267],[-57.879134,-35.022578],[-57.87919,-35.02245],[-57.879248,-35.0223],[-57.879279,-35.022254],[-57.879311,-35.022224],[-57.879361,-35.022202],[-57.879427,-35.022193],[-57.87949,-35.022158],[-57.879542,-35.022104],[-57.87959,-35.022004],[-57.879608,-35.021924],[-57.879606,-35.021861],[-57.879593,-35.021807],[-57.879499,-35.021699],[-57.879443,-35.021647],[-57.879426,-35.021603],[-57.879423,-35.021551],[-57.879441,-35.021521],[-57.87949,-35.021485],[-57.879551,-35.021454],[-57.879605,-35.021413],[-57.87981,-35.021205],[-57.879862,-35.021162],[-57.879922,-35.021093],[-57.879989,-35.02098],[-57.880068,-35.020908],[-57.880181,-35.020819],[-57.880299,-35.020758],[-57.880444,-35.020704],[-57.880529,-35.020669],[-57.880582,-35.020638],[-57.880642,-35.020578],[-57.880765,-35.020437],[-57.880848,-35.020308],[-57.880921,-35.020238],[-57.880983,-35.020209],[-57.881172,-35.020139],[-57.88142,-35.020038],[-57.881613,-35.019918],[-57.881772,-35.01982],[-57.882014,-35.019738],[-57.882078,-35.019724],[-57.882159,-35.019718],[-57.882306,-35.019725],[-57.882379,-35.019736],[-57.882436,-35.019722],[-57.882479,-35.019705],[-57.8825,-35.019688],[-57.882523,-35.019632],[-57.882549,-35.019577],[-57.882592,-35.019542],[-57.882652,-35.019505],[-57.882746,-35.019453],[-57.882834,-35.019405],[-57.882903,-35.019391],[-57.883044,-35.019386],[-57.883117,-35.019373],[-57.883177,-35.019351],[-57.883251,-35.019313],[-57.883327,-35.019268],[-57.883361,-35.019225],[-57.883394,-35.019151],[-57.883421,-35.019123],[-57.883488,-35.019097],[-57.883543,-35.019083],[-57.883625,-35.019084],[-57.88373,-35.019109],[-57.883779,-35.019135],[-57.883837,-35.019143],[-57.883909,-35.019151],[-57.883956,-35.01916],[-57.884049,-35.019197],[-57.884116,-35.019193],[-57.884176,-35.019166],[-57.884278,-35.019086],[-57.884392,-35.018993],[-57.884502,-35.018812],[-57.884551,-35.018755],[-57.884627,-35.018717],[-57.884659,-35.018717],[-57.884706,-35.018725],[-57.884794,-35.01876],[-57.884822,-35.018766],[-57.884845,-35.018766],[-57.884876,-35.018753],[-57.884922,-35.018718],[-57.884944,-35.018713],[-57.884991,-35.018712],[-57.885029,-35.018723],[-57.885143,-35.018747],[-57.885225,-35.018746],[-57.885332,-35.018718],[-57.885498,-35.018652],[-57.885689,-35.018606],[-57.885783,-35.018593],[-57.885902,-35.018582],[-57.886043,-35.01855],[-57.886136,-35.018522],[-57.88617,-35.018498],[-57.88618,-35.018462],[-57.886178,-35.018367],[-57.886188,-35.018304],[-57.886204,-35.018271],[-57.886243,-35.018231],[-57.886317,-35.018209],[-57.886371,-35.01821],[-57.886486,-35.018233],[-57.886651,-35.018287],[-57.886892,-35.018372],[-57.88714,-35.018416],[-57.88747,-35.018441],[-57.887675,-35.018434],[-57.88797,-35.018408],[-57.888072,-35.018407],[-57.888425,-35.018462],[-57.888553,-35.018483],[-57.888721,-35.018496],[-57.888911,-35.01849],[-57.889245,-35.018461],[-57.889446,-35.018459],[-57.889531,-35.018468],[-57.889659,-35.018504],[-57.889814,-35.01857],[-57.889977,-35.018716],[-57.890045,-35.018774],[-57.890196,-35.018841],[-57.89045,-35.019008],[-57.890497,-35.01905],[-57.890563,-35.019066],[-57.890635,-35.019063],[-57.890681,-35.019032],[-57.890727,-35.018951],[-57.890767,-35.018917],[-57.890836,-35.018896],[-57.890907,-35.01888],[-57.891009,-35.018875],[-57.891317,-35.018946],[-57.891821,-35.019185],[-57.891958,-35.019235],[-57.892043,-35.019243],[-57.892106,-35.019241],[-57.892222,-35.019202],[-57.892307,-35.019158],[-57.892369,-35.019111],[-57.892439,-35.019012],[-57.892548,-35.018856],[-57.892583,-35.018797],[-57.892631,-35.018722],[-57.892672,-35.018675],[-57.892735,-35.018627],[-57.892807,-35.018575],[-57.892873,-35.01854],[-57.892942,-35.018522],[-57.893039,-35.018521],[-57.893149,-35.018528],[-57.893242,-35.018549],[-57.893316,-35.018588],[-57.893388,-35.018636],[-57.893445,-35.018699],[-57.893503,-35.018753],[-57.893648,-35.018831],[-57.89383,-35.018927],[-57.89393,-35.018999],[-57.893971,-35.019042],[-57.894028,-35.019123],[-57.894094,-35.019201],[-57.894247,-35.019314],[-57.894323,-35.019348],[-57.894423,-35.019366],[-57.894597,-35.01938],[-57.894786,-35.019364],[-57.894848,-35.019363],[-57.894958,-35.019362],[-57.895018,-35.019362],[-57.895053,-35.019342],[-57.895093,-35.019333],[-57.895146,-35.019338],[-57.89521,-35.01935],[-57.895256,-35.01935],[-57.89529,-35.019342],[-57.895325,-35.019319],[-57.895376,-35.019286],[-57.895458,-35.019272],[-57.895563,-35.019273],[-57.895654,-35.01929],[-57.895727,-35.019297],[-57.895774,-35.019291],[-57.895822,-35.01928],[-57.895876,-35.019262],[-57.895964,-35.019226],[-57.896081,-35.019186],[-57.896115,-35.019172],[-57.896144,-35.019166],[-57.89618,-35.019151],[-57.896232,-35.019129],[-57.896284,-35.019114],[-57.896333,-35.019108],[-57.89638,-35.019094],[-57.896407,-35.019079],[-57.896452,-35.019059],[-57.896491,-35.019045],[-57.896546,-35.019039],[-57.896602,-35.019037],[-57.896628,-35.019032],[-57.89665,-35.019019],[-57.896661,-35.018998],[-57.896658,-35.01898],[-57.896647,-35.018945],[-57.896645,-35.018911],[-57.896651,-35.018888],[-57.896666,-35.01887],[-57.896682,-35.018859],[-57.896718,-35.01885],[-57.896754,-35.018855],[-57.896796,-35.018871],[-57.896848,-35.018897],[-57.896886,-35.018904],[-57.896969,-35.018889],[-57.897079,-35.018863],[-57.897221,-35.018861],[-57.897614,-35.018904],[-57.889387,-35.011152],[-57.88678,-35.008735]]]},"properties":{"Código":99899798,"Nombre":"Villa Garibaldi - Parque Sicardi","Código de provincia":6,"Nombre de provincia":"Buenos Aires","Código de departamento":6441,"Nombre de departamento":"La Plata","Superficie en km2":44.80549444768,"Latitud del centroide":-35.012687,"Longitud del centroide":-57.842788}},{"type":"Feature","geometry":{"type":"Polygon","coordinates":[[[-58.101585,-34.884267],[-58.100909,-34.883683],[-58.100251,-34.883099],[-58.098892,-34.881943],[-58.097617,-34.880842],[-58.096356,-34.879737],[-58.09571,-34.8792],[-58.09509,-34.878669],[-58.094346,-34.878031],[-58.093601,-34.877392],[-58.092915,-34.876804],[-58.0924,-34.876363],[-58.091939,-34.875968],[-58.090869,-34.87505],[-58.090668,-34.874878],[-58.090343,-34.8746],[-58.089497,-34.873859],[-58.089476,-34.873839],[-58.089371,-34.873741],[-58.088596,-34.873072],[-58.087304,-34.873495],[-58.08619,-34.873862],[-58.085724,-34.87401],[-58.084776,-34.874277],[-58.084043,-34.874458],[-58.08257,-34.874803],[-58.082976,-34.875923],[-58.083365,-34.877009],[-58.083794,-34.878365],[-58.084146,-34.879391],[-58.084489,-34.880388],[-58.084816,-34.881311],[-58.085093,-34.882091],[-58.085378,-34.882893],[-58.085797,-34.884076],[-58.086184,-34.885193],[-58.08714,-34.887871],[-58.087267,-34.88823],[-58.087939,-34.890187],[-58.088263,-34.891103],[-58.088842,-34.892774],[-58.089134,-34.893615],[-58.090008,-34.897044],[-58.090035,-34.897153],[-58.091996,-34.896704],[-58.094354,-34.896156],[-58.094408,-34.896143],[-58.094449,-34.896133],[-58.098609,-34.895146],[-58.099721,-34.894882],[-58.104059,-34.893816],[-58.10427,-34.893765],[-58.107345,-34.893062],[-58.107597,-34.893003],[-58.110851,-34.892254],[-58.109424,-34.890993],[-58.107942,-34.889738],[-58.106698,-34.888652],[-58.105455,-34.887572],[-58.104205,-34.886513],[-58.102916,-34.885399],[-58.102665,-34.885186],[-58.101585,-34.884267]]]},"properties":{"Código":99899797,"Nombre":"El Rincón","Código de provincia":6,"Nombre de provincia":"Buenos Aires","Código de departamento":6441,"Nombre de departamento":"La Plata","Superficie en km2":3.2917949465215,"Latitud del centroide":-34.886177,"Longitud del centroide":-58.094452}},{"type":"Feature","geometry":{"type":"Polygon","coordinates":[[[-58.108241,-34.917008],[-58.108167,-34.91695],[-58.108041,-34.916833],[-58.107891,-34.916621],[-58.107805,-34.916472],[-58.10773,-34.916287],[-58.107548,-34.916155],[-58.107341,-34.915947],[-58.107279,-34.915759],[-58.107169,-34.915622],[-58.107075,-34.915451],[-58.107,-34.915293],[-58.106957,-34.915064],[-58.106878,-34.914946],[-58.106803,-34.914884],[-58.106707,-34.914805],[-58.106556,-34.914761],[-58.106417,-34.914682],[-58.106278,-34.914603],[-58.106202,-34.914453],[-58.10617,-34.914366],[-58.106159,-34.914278],[-58.106127,-34.914146],[-58.106009,-34.914057],[-58.105891,-34.913996],[-58.105763,-34.913899],[-58.105698,-34.913767],[-58.105677,-34.913626],[-58.105591,-34.913512],[-58.105408,-34.913442],[-58.105226,-34.913336],[-58.105065,-34.91331],[-58.104893,-34.913319],[-58.104679,-34.913389],[-58.104518,-34.913362],[-58.104293,-34.913274],[-58.1041,-34.913231],[-58.10396,-34.913134],[-58.103906,-34.913028],[-58.103864,-34.912905],[-58.103756,-34.912764],[-58.10366,-34.912641],[-58.103531,-34.912518],[-58.103434,-34.912447],[-58.103209,-34.912307],[-58.103016,-34.912192],[-58.102898,-34.912096],[-58.102887,-34.911972],[-58.102941,-34.911814],[-58.102952,-34.91162],[-58.102887,-34.911515],[-58.102898,-34.911357],[-58.102876,-34.911181],[-58.102847,-34.910952],[-58.102748,-34.910767],[-58.10263,-34.910653],[-58.102544,-34.910512],[-58.102555,-34.910406],[-58.102512,-34.910081],[-58.102533,-34.909817],[-58.102555,-34.909623],[-58.102533,-34.909456],[-58.102286,-34.909377],[-58.102093,-34.909333],[-58.101911,-34.909324],[-58.101718,-34.909289],[-58.10161,-34.909315],[-58.101299,-34.909412],[-58.101031,-34.909509],[-58.100795,-34.909606],[-58.100559,-34.909694],[-58.100344,-34.909782],[-58.100205,-34.909808],[-58.100087,-34.909808],[-58.099894,-34.909755],[-58.099765,-34.909703],[-58.099701,-34.909632],[-58.099593,-34.909483],[-58.09954,-34.909368],[-58.0994,-34.90921],[-58.099196,-34.909034],[-58.099068,-34.908946],[-58.09896,-34.90884],[-58.09881,-34.908752],[-58.098649,-34.9087],[-58.098413,-34.908638],[-58.098188,-34.908629],[-58.098038,-34.908576],[-58.09792,-34.908488],[-58.097823,-34.908348],[-58.097823,-34.908172],[-58.097823,-34.908048],[-58.097855,-34.907855],[-58.097898,-34.907653],[-58.09792,-34.907468],[-58.097941,-34.907274],[-58.097952,-34.907151],[-58.09793,-34.906993],[-58.097855,-34.906826],[-58.097759,-34.906649],[-58.097737,-34.906491],[-58.097737,-34.90643],[-58.097812,-34.906297],[-58.097887,-34.906148],[-58.097995,-34.905972],[-58.098113,-34.905814],[-58.098145,-34.905611],[-58.098134,-34.905312],[-58.098113,-34.905083],[-58.098134,-34.904837],[-58.098134,-34.904714],[-58.098059,-34.904599],[-58.097973,-34.904503],[-58.097877,-34.904388],[-58.097769,-34.904291],[-58.097662,-34.904195],[-58.097566,-34.904151],[-58.097394,-34.904027],[-58.097222,-34.903869],[-58.09689,-34.903675],[-58.096718,-34.9035],[-58.096664,-34.903385],[-58.096557,-34.903218],[-58.096471,-34.903112],[-58.09645,-34.903007],[-58.096375,-34.902954],[-58.096343,-34.902848],[-58.096407,-34.902699],[-58.096493,-34.902593],[-58.096557,-34.902505],[-58.096675,-34.902435],[-58.096793,-34.902382],[-58.096911,-34.902303],[-58.097008,-34.902259],[-58.097083,-34.902118],[-58.097094,-34.901951],[-58.097019,-34.901863],[-58.096954,-34.901696],[-58.096762,-34.901517],[-58.096742,-34.901398],[-58.096859,-34.901218],[-58.096923,-34.900998],[-58.096805,-34.900787],[-58.096601,-34.900708],[-58.09644,-34.900646],[-58.096344,-34.900479],[-58.09628,-34.900206],[-58.096226,-34.900074],[-58.096151,-34.899907],[-58.09599,-34.899854],[-58.095947,-34.899749],[-58.095915,-34.899617],[-58.095872,-34.89952],[-58.095872,-34.89945],[-58.095893,-34.899335],[-58.095872,-34.899221],[-58.095936,-34.899124],[-58.095861,-34.899001],[-58.095797,-34.898719],[-58.095722,-34.898543],[-58.095625,-34.898438],[-58.09555,-34.898235],[-58.095496,-34.898024],[-58.095432,-34.897839],[-58.095346,-34.897716],[-58.095174,-34.897602],[-58.094971,-34.897505],[-58.094778,-34.89732],[-58.094627,-34.897082],[-58.094488,-34.896836],[-58.094423,-34.896634],[-58.094413,-34.896431],[-58.094445,-34.896343],[-58.094445,-34.896247],[-58.094408,-34.896143],[-58.094354,-34.896156],[-58.091996,-34.896704],[-58.090035,-34.897153],[-58.080384,-34.899415],[-58.079278,-34.899662],[-58.072622,-34.901271],[-58.072395,-34.901327],[-58.069556,-34.901983],[-58.063351,-34.903413],[-58.063215,-34.903443],[-58.063232,-34.903616],[-58.063253,-34.903792],[-58.063189,-34.903897],[-58.063157,-34.90395],[-58.062781,-34.904144],[-58.062575,-34.904229],[-58.062051,-34.904601],[-58.061729,-34.905049],[-58.061729,-34.905533],[-58.061872,-34.905877],[-58.061939,-34.90599],[-58.061982,-34.906081],[-58.061943,-34.906215],[-58.061893,-34.906351],[-58.061857,-34.906457],[-58.061826,-34.90658],[-58.061835,-34.906725],[-58.061848,-34.906843],[-58.061787,-34.906941],[-58.061711,-34.907064],[-58.061626,-34.907205],[-58.06168,-34.907315],[-58.061654,-34.907451],[-58.061572,-34.907539],[-58.06154,-34.90761],[-58.061336,-34.907839],[-58.061057,-34.908041],[-58.060853,-34.908217],[-58.060606,-34.908507],[-58.060478,-34.908771],[-58.060628,-34.90915],[-58.060724,-34.90929],[-58.060907,-34.909651],[-58.061111,-34.909836],[-58.0611,-34.910003],[-58.061014,-34.910161],[-58.060885,-34.910276],[-58.060703,-34.910496],[-58.060628,-34.910733],[-58.060596,-34.910909],[-58.060639,-34.911252],[-58.060585,-34.911569],[-58.060396,-34.911799],[-58.06046,-34.911911],[-58.060499,-34.912132],[-58.060609,-34.912395],[-58.060628,-34.91244],[-58.060606,-34.912563],[-58.060564,-34.912722],[-58.060499,-34.912827],[-58.060403,-34.91295],[-58.060306,-34.913021],[-58.060167,-34.9131],[-58.060059,-34.913135],[-58.059888,-34.913126],[-58.059759,-34.913091],[-58.059641,-34.913153],[-58.059437,-34.913302],[-58.059265,-34.913478],[-58.059169,-34.913584],[-58.058997,-34.913707],[-58.058793,-34.91383],[-58.058729,-34.913971],[-58.058686,-34.914147],[-58.058632,-34.914341],[-58.058579,-34.914508],[-58.058525,-34.914789],[-58.058579,-34.915036],[-58.058622,-34.915238],[-58.0586,-34.915352],[-58.058504,-34.915405],[-58.058289,-34.915502],[-58.057989,-34.915651],[-58.057903,-34.915757],[-58.057763,-34.915889],[-58.057624,-34.916082],[-58.057409,-34.916276],[-58.05727,-34.916417],[-58.057141,-34.916558],[-58.057023,-34.916742],[-58.056959,-34.916936],[-58.056959,-34.917068],[-58.057012,-34.917244],[-58.057066,-34.917367],[-58.057173,-34.91749],[-58.057238,-34.91756],[-58.057377,-34.917675],[-58.057463,-34.917745],[-58.05757,-34.91778],[-58.057635,-34.917824],[-58.057699,-34.917947],[-58.057688,-34.918062],[-58.057688,-34.918132],[-58.057645,-34.918264],[-58.057645,-34.918361],[-58.05757,-34.918537],[-58.057474,-34.918748],[-58.057388,-34.918933],[-58.057345,-34.919056],[-58.057345,-34.919144],[-58.057356,-34.919311],[-58.057398,-34.919452],[-58.057506,-34.919672],[-58.057602,-34.919812],[-58.057667,-34.91998],[-58.05772,-34.920059],[-58.057871,-34.920252],[-58.057946,-34.92042],[-58.058053,-34.920595],[-58.05815,-34.92071],[-58.058246,-34.920798],[-58.058396,-34.920877],[-58.058514,-34.920991],[-58.058568,-34.921132],[-58.058697,-34.921273],[-58.058761,-34.921396],[-58.058879,-34.921554],[-58.059029,-34.921607],[-58.059179,-34.921607],[-58.059287,-34.921545],[-58.059373,-34.921501],[-58.059426,-34.921449],[-58.059555,-34.921422],[-58.059641,-34.921449],[-58.059812,-34.92159],[-58.059939,-34.921658],[-58.060342,-34.922215],[-58.060375,-34.922506],[-58.060493,-34.92277],[-58.060707,-34.923016],[-58.060857,-34.923297],[-58.06089,-34.923438],[-58.060868,-34.9235],[-58.060814,-34.923649],[-58.060675,-34.923764],[-58.060525,-34.923764],[-58.060407,-34.923764],[-58.060235,-34.923825],[-58.060128,-34.923887],[-58.060042,-34.923984],[-58.059967,-34.924124],[-58.059945,-34.924283],[-58.059935,-34.924467],[-58.059935,-34.924617],[-58.059935,-34.924793],[-58.06002,-34.924978],[-58.060181,-34.925092],[-58.060396,-34.92518],[-58.060471,-34.925233],[-58.060514,-34.925356],[-58.060514,-34.925541],[-58.060578,-34.925673],[-58.060718,-34.925857],[-58.060814,-34.926033],[-58.060911,-34.926148],[-58.060911,-34.926236],[-58.060879,-34.926315],[-58.060825,-34.926517],[-58.060782,-34.926667],[-58.060739,-34.926851],[-58.062646,-34.926379],[-58.063002,-34.926294],[-58.066181,-34.925524],[-58.066314,-34.925491],[-58.069627,-34.924688],[-58.074851,-34.923475],[-58.078147,-34.922706],[-58.079778,-34.922311],[-58.080011,-34.922816],[-58.080268,-34.923274],[-58.080367,-34.923467],[-58.08041,-34.923538],[-58.08046,-34.923613],[-58.080523,-34.923686],[-58.080601,-34.923758],[-58.080622,-34.923776],[-58.080688,-34.923832],[-58.080886,-34.923998],[-58.081387,-34.924421],[-58.084625,-34.927153],[-58.085809,-34.928152],[-58.089605,-34.931354],[-58.092353,-34.929184],[-58.092492,-34.929069],[-58.09407,-34.927804],[-58.098662,-34.924263],[-58.10291,-34.920957],[-58.102984,-34.920852],[-58.103021,-34.920808],[-58.103057,-34.920765],[-58.107811,-34.917263],[-58.108161,-34.917031],[-58.108241,-34.917008]]]},"properties":{"Código":99899796,"Nombre":"Los Porteños","Código de provincia":6,"Nombre de provincia":"Buenos Aires","Código de departamento":6441,"Nombre de departamento":"La Plata","Superficie en km2":10.919052587142,"Latitud del centroide":-34.913504,"Longitud del centroide":-58.081948}},{"type":"Feature","geometry":{"type":"Polygon","coordinates":[[[-57.996741,-34.87535],[-57.993374,-34.87783],[-57.99352,-34.877966],[-57.994027,-34.878435],[-57.995039,-34.879359],[-57.995598,-34.879853],[-57.996048,-34.880314],[-57.996108,-34.880369],[-57.99625,-34.8805],[-57.996295,-34.880524],[-57.996479,-34.880583],[-57.996527,-34.880605],[-57.996565,-34.880635],[-57.997209,-34.881227],[-57.99728,-34.881294],[-57.997734,-34.88172],[-57.997808,-34.881762],[-57.998334,-34.88239],[-57.998648,-34.882618],[-57.99886,-34.882796],[-57.999212,-34.883099],[-57.999536,-34.883391],[-57.999705,-34.88358],[-58.000072,-34.883972],[-58.000167,-34.884069],[-58.000621,-34.88452],[-58.001153,-34.884995],[-58.001767,-34.885541],[-58.002055,-34.885782],[-58.00224,-34.885947],[-58.002361,-34.885856],[-58.002582,-34.885694],[-58.002853,-34.885488],[-58.003406,-34.88507],[-58.004519,-34.884227],[-58.00555,-34.883427],[-58.005617,-34.883378],[-58.00674,-34.882559],[-58.007851,-34.88171],[-58.008013,-34.881585],[-58.008506,-34.88123],[-58.008681,-34.88112],[-58.008835,-34.881028],[-58.009051,-34.880926],[-58.009268,-34.880846],[-58.009883,-34.880641],[-58.010053,-34.88058],[-58.010202,-34.880523],[-58.010491,-34.880399],[-58.010639,-34.880331],[-58.010727,-34.880285],[-58.011377,-34.879918],[-58.012055,-34.87958],[-58.012596,-34.879334],[-58.01626,-34.877738],[-58.016532,-34.87762],[-58.020053,-34.876084],[-58.02019,-34.87602],[-58.020534,-34.875871],[-58.022836,-34.874869],[-58.024804,-34.874001],[-58.024964,-34.873936],[-58.025231,-34.873823],[-58.02661,-34.873213],[-58.028238,-34.872498],[-58.03,-34.871738],[-58.030113,-34.871689],[-58.029943,-34.871264],[-58.029916,-34.871194],[-58.029755,-34.87085],[-58.029594,-34.870674],[-58.029261,-34.870516],[-58.027944,-34.870176],[-58.027576,-34.870018],[-58.027266,-34.869812],[-58.026972,-34.869362],[-58.026878,-34.869184],[-58.022215,-34.861977],[-58.022143,-34.862012],[-58.022034,-34.862061],[-58.021958,-34.862098],[-58.000098,-34.871707],[-57.999232,-34.872087],[-57.999186,-34.872121],[-57.999173,-34.872155],[-57.999178,-34.872187],[-57.999196,-34.872226],[-57.999942,-34.87283],[-57.999961,-34.872857],[-57.999962,-34.872889],[-57.999943,-34.872925],[-57.996822,-34.875289],[-57.996741,-34.87535]]]},"properties":{"Código":99899795,"Nombre":"Villa Castells","Código de provincia":6,"Nombre de provincia":"Buenos Aires","Código de departamento":6441,"Nombre de departamento":"La Plata","Superficie en km2":3.8854270498437,"Latitud del centroide":-34.873667,"Longitud del centroide":-58.011342}},{"type":"Feature","geometry":{"type":"Polygon","coordinates":[[[-58.120457,-34.936289],[-58.116144,-34.932508],[-58.112515,-34.929327],[-58.112479,-34.929295],[-58.112504,-34.928867],[-58.112429,-34.928559],[-58.112246,-34.928166],[-58.112011,-34.927662],[-58.111916,-34.927313],[-58.111828,-34.926993],[-58.111742,-34.926228],[-58.111517,-34.925638],[-58.111528,-34.924504],[-58.111345,-34.924187],[-58.111157,-34.923978],[-58.110981,-34.923782],[-58.110874,-34.923448],[-58.110774,-34.923135],[-58.110854,-34.922848],[-58.110935,-34.922554],[-58.110849,-34.922185],[-58.110774,-34.921868],[-58.11068,-34.921733],[-58.110498,-34.921588],[-58.110314,-34.921441],[-58.110109,-34.921278],[-58.109994,-34.921038],[-58.109948,-34.920724],[-58.10989,-34.920325],[-58.109833,-34.919929],[-58.109715,-34.91963],[-58.109726,-34.919076],[-58.109682,-34.918944],[-58.10891,-34.918038],[-58.108524,-34.91729],[-58.108241,-34.917008],[-58.108161,-34.917031],[-58.107811,-34.917263],[-58.103057,-34.920765],[-58.103021,-34.920808],[-58.102984,-34.920852],[-58.10291,-34.920957],[-58.098662,-34.924263],[-58.09407,-34.927804],[-58.092492,-34.929069],[-58.092353,-34.929184],[-58.089605,-34.931354],[-58.08719,-34.933289],[-58.085918,-34.934303],[-58.082183,-34.937205],[-58.078614,-34.939996],[-58.075782,-34.942207],[-58.073513,-34.943985],[-58.066326,-34.949605],[-58.063645,-34.951752],[-58.067807,-34.955372],[-58.077269,-34.96378],[-58.077442,-34.96367],[-58.077726,-34.963489],[-58.079581,-34.962307],[-58.081199,-34.96126],[-58.081893,-34.960811],[-58.082401,-34.960488],[-58.082966,-34.960129],[-58.083063,-34.960067],[-58.083155,-34.960009],[-58.083937,-34.95951],[-58.084058,-34.959433],[-58.084579,-34.959101],[-58.084682,-34.959035],[-58.088908,-34.956345],[-58.092388,-34.954133],[-58.093922,-34.953158],[-58.095632,-34.952069],[-58.097763,-34.950713],[-58.100942,-34.948712],[-58.102346,-34.947828],[-58.104992,-34.946119],[-58.105971,-34.945497],[-58.107599,-34.944477],[-58.108969,-34.943607],[-58.109803,-34.943078],[-58.111103,-34.942253],[-58.111324,-34.942112],[-58.113334,-34.940827],[-58.117501,-34.938188],[-58.117599,-34.938126],[-58.120457,-34.936289]]]},"properties":{"Código":99899794,"Nombre":"Colonia Urquiza","Código de provincia":6,"Nombre de provincia":"Buenos Aires","Código de departamento":6441,"Nombre de departamento":"La Plata","Superficie en km2":10.797448090739,"Latitud del centroide":-34.941694,"Longitud del centroide":-58.092636}}]}